Apache Maven 3.9.16 (2bdd9fddda4b155ebf8000e807eb73fd829a51d5)
Maven home: C:\Users\merit\.m2\wrapper\dists\apache-maven-3.9.16\0daed3be3ebd1c706f0e69e8b07c6b73f5cc4ea3dfce72a8d0ec2e849ca2ddb0
Java version: 21.0.11, vendor: Eclipse Adoptium, runtime: C:\Users\merit\scoop\apps\temurin21-jdk\current
Default locale: zh_CN, platform encoding: UTF-8
OS name: "windows 11", version: "10.0", arch: "amd64", family: "windows"
[DEBUG] Created new class realm maven.api
[DEBUG] Importing foreign packages into class realm maven.api
[DEBUG]   Imported: javax.annotation.* < plexus.core
[DEBUG]   Imported: javax.annotation.security.* < plexus.core
[DEBUG]   Imported: javax.inject.* < plexus.core
[DEBUG]   Imported: org.apache.maven.* < plexus.core
[DEBUG]   Imported: org.apache.maven.artifact < plexus.core
[DEBUG]   Imported: org.apache.maven.classrealm < plexus.core
[DEBUG]   Imported: org.apache.maven.cli < plexus.core
[DEBUG]   Imported: org.apache.maven.configuration < plexus.core
[DEBUG]   Imported: org.apache.maven.exception < plexus.core
[DEBUG]   Imported: org.apache.maven.execution < plexus.core
[DEBUG]   Imported: org.apache.maven.execution.scope < plexus.core
[DEBUG]   Imported: org.apache.maven.graph < plexus.core
[DEBUG]   Imported: org.apache.maven.lifecycle < plexus.core
[DEBUG]   Imported: org.apache.maven.model < plexus.core
[DEBUG]   Imported: org.apache.maven.monitor < plexus.core
[DEBUG]   Imported: org.apache.maven.plugin < plexus.core
[DEBUG]   Imported: org.apache.maven.profiles < plexus.core
[DEBUG]   Imported: org.apache.maven.project < plexus.core
[DEBUG]   Imported: org.apache.maven.reporting < plexus.core
[DEBUG]   Imported: org.apache.maven.repository < plexus.core
[DEBUG]   Imported: org.apache.maven.rtinfo < plexus.core
[DEBUG]   Imported: org.apache.maven.settings < plexus.core
[DEBUG]   Imported: org.apache.maven.toolchain < plexus.core
[DEBUG]   Imported: org.apache.maven.usability < plexus.core
[DEBUG]   Imported: org.apache.maven.wagon.* < plexus.core
[DEBUG]   Imported: org.apache.maven.wagon.authentication < plexus.core
[DEBUG]   Imported: org.apache.maven.wagon.authorization < plexus.core
[DEBUG]   Imported: org.apache.maven.wagon.events < plexus.core
[DEBUG]   Imported: org.apache.maven.wagon.observers < plexus.core
[DEBUG]   Imported: org.apache.maven.wagon.proxy < plexus.core
[DEBUG]   Imported: org.apache.maven.wagon.repository < plexus.core
[DEBUG]   Imported: org.apache.maven.wagon.resource < plexus.core
[DEBUG]   Imported: org.codehaus.classworlds < plexus.core
[DEBUG]   Imported: org.codehaus.plexus.* < plexus.core
[DEBUG]   Imported: org.codehaus.plexus.classworlds < plexus.core
[DEBUG]   Imported: org.codehaus.plexus.component < plexus.core
[DEBUG]   Imported: org.codehaus.plexus.configuration < plexus.core
[DEBUG]   Imported: org.codehaus.plexus.container < plexus.core
[DEBUG]   Imported: org.codehaus.plexus.context < plexus.core
[DEBUG]   Imported: org.codehaus.plexus.lifecycle < plexus.core
[DEBUG]   Imported: org.codehaus.plexus.logging < plexus.core
[DEBUG]   Imported: org.codehaus.plexus.personality < plexus.core
[DEBUG]   Imported: org.codehaus.plexus.util.xml.Xpp3Dom < plexus.core
[DEBUG]   Imported: org.codehaus.plexus.util.xml.pull.XmlPullParser < plexus.core
[DEBUG]   Imported: org.codehaus.plexus.util.xml.pull.XmlPullParserException < plexus.core
[DEBUG]   Imported: org.codehaus.plexus.util.xml.pull.XmlSerializer < plexus.core
[DEBUG]   Imported: org.eclipse.aether.* < plexus.core
[DEBUG]   Imported: org.eclipse.aether.artifact < plexus.core
[DEBUG]   Imported: org.eclipse.aether.collection < plexus.core
[DEBUG]   Imported: org.eclipse.aether.deployment < plexus.core
[DEBUG]   Imported: org.eclipse.aether.graph < plexus.core
[DEBUG]   Imported: org.eclipse.aether.impl < plexus.core
[DEBUG]   Imported: org.eclipse.aether.installation < plexus.core
[DEBUG]   Imported: org.eclipse.aether.internal.impl < plexus.core
[DEBUG]   Imported: org.eclipse.aether.metadata < plexus.core
[DEBUG]   Imported: org.eclipse.aether.repository < plexus.core
[DEBUG]   Imported: org.eclipse.aether.resolution < plexus.core
[DEBUG]   Imported: org.eclipse.aether.spi < plexus.core
[DEBUG]   Imported: org.eclipse.aether.transfer < plexus.core
[DEBUG]   Imported: org.eclipse.aether.util < plexus.core
[DEBUG]   Imported: org.eclipse.aether.version < plexus.core
[DEBUG]   Imported: org.fusesource.jansi.* < plexus.core
[DEBUG]   Imported: org.slf4j.* < plexus.core
[DEBUG]   Imported: org.slf4j.event.* < plexus.core
[DEBUG]   Imported: org.slf4j.helpers.* < plexus.core
[DEBUG]   Imported: org.slf4j.spi.* < plexus.core
[DEBUG] Populating class realm maven.api
[DEBUG] Created adapter factory; available factories [file-lock, rwlock-local, semaphore-local, noop]; available name mappers [discriminating, file-gaecv, file-gav, file-hgaecv, file-hgav, file-static, gaecv, gav, static]
[INFO] Error stacktraces are turned on.
[DEBUG] Message scheme: color
[DEBUG] Message styles: debug info warning error success failure strong mojo project
[DEBUG] Reading global settings from C:\Users\merit\.m2\wrapper\dists\apache-maven-3.9.16\0daed3be3ebd1c706f0e69e8b07c6b73f5cc4ea3dfce72a8d0ec2e849ca2ddb0\conf\settings.xml
[DEBUG] Reading user settings from C:\Users\merit\.m2\settings.xml
[DEBUG] Reading global toolchains from C:\Users\merit\.m2\wrapper\dists\apache-maven-3.9.16\0daed3be3ebd1c706f0e69e8b07c6b73f5cc4ea3dfce72a8d0ec2e849ca2ddb0\conf\toolchains.xml
[DEBUG] Reading user toolchains from C:\Users\merit\.m2\toolchains.xml
[DEBUG] Using local repository at C:\Users\merit\.m2\repository
[DEBUG] Using manager EnhancedLocalRepositoryManager with priority 10.0 for C:\Users\merit\.m2\repository
[INFO] Scanning for projects...
[DEBUG] Creating adapter using nameMapper 'gaecv' and factory 'rwlock-local'
[DEBUG] Extension realms for project com.meritdata.mdm:codecenter:jar:0.1.0: (none)
[DEBUG] Looking up lifecycle mappings for packaging jar from ClassRealm[plexus.core, parent: null]
[DEBUG] Extension realms for project org.springframework.boot:spring-boot-starter-parent:pom:3.5.16: (none)
[DEBUG] Looking up lifecycle mappings for packaging pom from ClassRealm[plexus.core, parent: null]
[DEBUG] Extension realms for project org.springframework.boot:spring-boot-dependencies:pom:3.5.16: (none)
[DEBUG] Looking up lifecycle mappings for packaging pom from ClassRealm[plexus.core, parent: null]
[DEBUG] === REACTOR BUILD PLAN ================================================
[DEBUG] Project: com.meritdata.mdm:codecenter:jar:0.1.0
[DEBUG] Tasks:   [clean, compile]
[DEBUG] Style:   Regular
[DEBUG] =======================================================================
[INFO] 
[INFO] --------------------< com.meritdata.mdm:codecenter >--------------------
[INFO] Building codecenter 0.1.0
[INFO]   from pom.xml
[INFO] --------------------------------[ jar ]---------------------------------
[DEBUG] Lifecycle clean -> [pre-clean, clean, post-clean]
[DEBUG] Lifecycle default -> [validate, initialize, generate-sources, process-sources, generate-resources, process-resources, compile, process-classes, generate-test-sources, process-test-sources, generate-test-resources, process-test-resources, test-compile, process-test-classes, test, prepare-package, package, pre-integration-test, integration-test, post-integration-test, verify, install, deploy]
[DEBUG] Lifecycle site -> [pre-site, site, post-site, site-deploy]
[DEBUG] Lifecycle clean -> [pre-clean, clean, post-clean]
[DEBUG] Lifecycle default -> [validate, initialize, generate-sources, process-sources, generate-resources, process-resources, compile, process-classes, generate-test-sources, process-test-sources, generate-test-resources, process-test-resources, test-compile, process-test-classes, test, prepare-package, package, pre-integration-test, integration-test, post-integration-test, verify, install, deploy]
[DEBUG] Lifecycle site -> [pre-site, site, post-site, site-deploy]
[DEBUG] Lifecycle clean -> [pre-clean, clean, post-clean]
[DEBUG] Lifecycle default -> [validate, initialize, generate-sources, process-sources, generate-resources, process-resources, compile, process-classes, generate-test-sources, process-test-sources, generate-test-resources, process-test-resources, test-compile, process-test-classes, test, prepare-package, package, pre-integration-test, integration-test, post-integration-test, verify, install, deploy]
[DEBUG] Lifecycle site -> [pre-site, site, post-site, site-deploy]
[DEBUG] Lifecycle clean -> [pre-clean, clean, post-clean]
[DEBUG] Lifecycle default -> [validate, initialize, generate-sources, process-sources, generate-resources, process-resources, compile, process-classes, generate-test-sources, process-test-sources, generate-test-resources, process-test-resources, test-compile, process-test-classes, test, prepare-package, package, pre-integration-test, integration-test, post-integration-test, verify, install, deploy]
[DEBUG] Lifecycle site -> [pre-site, site, post-site, site-deploy]
[DEBUG] Lifecycle clean -> [pre-clean, clean, post-clean]
[DEBUG] Lifecycle default -> [validate, initialize, generate-sources, process-sources, generate-resources, process-resources, compile, process-classes, generate-test-sources, process-test-sources, generate-test-resources, process-test-resources, test-compile, process-test-classes, test, prepare-package, package, pre-integration-test, integration-test, post-integration-test, verify, install, deploy]
[DEBUG] Lifecycle site -> [pre-site, site, post-site, site-deploy]
[DEBUG] === PROJECT BUILD PLAN ================================================
[DEBUG] Project:       com.meritdata.mdm:codecenter:0.1.0
[DEBUG] Dependencies (collect): []
[DEBUG] Dependencies (resolve): [compile]
[DEBUG] Repositories (dependencies): [central (https://repo.maven.apache.org/maven2, default, releases)]
[DEBUG] Repositories (plugins)     : [central (https://repo.maven.apache.org/maven2, default, releases)]
[DEBUG] -----------------------------------------------------------------------
[DEBUG] Goal:          org.apache.maven.plugins:maven-clean-plugin:3.4.1:clean (default-clean)
[DEBUG] Style:         Regular
[DEBUG] Configuration: <?xml version="1.0" encoding="UTF-8"?>
<configuration>
  <directory default-value="${project.build.directory}"/>
  <excludeDefaultDirectories default-value="false">${maven.clean.excludeDefaultDirectories}</excludeDefaultDirectories>
  <failOnError default-value="true">${maven.clean.failOnError}</failOnError>
  <fast default-value="false">${maven.clean.fast}</fast>
  <fastDir>${maven.clean.fastDir}</fastDir>
  <fastMode default-value="background">${maven.clean.fastMode}</fastMode>
  <followSymLinks default-value="false">${maven.clean.followSymLinks}</followSymLinks>
  <outputDirectory default-value="${project.build.outputDirectory}"/>
  <reportDirectory default-value="${project.build.outputDirectory}"/>
  <retryOnError default-value="true">${maven.clean.retryOnError}</retryOnError>
  <session default-value="${session}"/>
  <skip default-value="false">${maven.clean.skip}</skip>
  <testOutputDirectory default-value="${project.build.testOutputDirectory}"/>
  <verbose>${maven.clean.verbose}</verbose>
</configuration>
[DEBUG] -----------------------------------------------------------------------
[DEBUG] Goal:          org.apache.maven.plugins:maven-resources-plugin:3.3.1:resources (default-resources)
[DEBUG] Style:         Regular
[DEBUG] Configuration: <?xml version="1.0" encoding="UTF-8"?>
<configuration>
  <addDefaultExcludes default-value="true"/>
  <buildFilters default-value="${project.build.filters}"/>
  <delimiters>
    <delimiter>@</delimiter>
  </delimiters>
  <encoding default-value="${project.build.sourceEncoding}"/>
  <escapeWindowsPaths default-value="true"/>
  <fileNameFiltering default-value="false"/>
  <includeEmptyDirs default-value="false"/>
  <outputDirectory default-value="${project.build.outputDirectory}"/>
  <overwrite default-value="false"/>
  <project default-value="${project}"/>
  <propertiesEncoding>UTF-8</propertiesEncoding>
  <resources default-value="${project.resources}"/>
  <session default-value="${session}"/>
  <skip default-value="false">${maven.resources.skip}</skip>
  <supportMultiLineFiltering default-value="false"/>
  <useBuildFilters default-value="true"/>
  <useDefaultDelimiters default-value="true">false</useDefaultDelimiters>
</configuration>
[DEBUG] -----------------------------------------------------------------------
[DEBUG] Goal:          org.apache.maven.plugins:maven-compiler-plugin:3.14.1:compile (default-compile)
[DEBUG] Style:         Regular
[DEBUG] Configuration: <?xml version="1.0" encoding="UTF-8"?>
<configuration>
  <annotationProcessorPaths>
    <path>
      <groupId>org.projectlombok</groupId>
      <artifactId>lombok</artifactId>
    </path>
  </annotationProcessorPaths>
  <annotationProcessorPathsUseDepMgmt default-value="false"/>
  <basedir default-value="${basedir}"/>
  <buildDirectory default-value="${project.build.directory}"/>
  <compilePath default-value="${project.compileClasspathElements}"/>
  <compileSourceRoots default-value="${project.compileSourceRoots}"/>
  <compilerId default-value="javac">${maven.compiler.compilerId}</compilerId>
  <compilerReuseStrategy default-value="${reuseCreated}">${maven.compiler.compilerReuseStrategy}</compilerReuseStrategy>
  <compilerVersion>${maven.compiler.compilerVersion}</compilerVersion>
  <createMissingPackageInfoClass default-value="true">${maven.compiler.createMissingPackageInfoClass}</createMissingPackageInfoClass>
  <debug default-value="true">${maven.compiler.debug}</debug>
  <debugFileName default-value="javac"/>
  <debuglevel>${maven.compiler.debuglevel}</debuglevel>
  <enablePreview default-value="false">${maven.compiler.enablePreview}</enablePreview>
  <encoding default-value="${project.build.sourceEncoding}">${encoding}</encoding>
  <executable>${maven.compiler.executable}</executable>
  <failOnError default-value="true">${maven.compiler.failOnError}</failOnError>
  <failOnWarning default-value="false">${maven.compiler.failOnWarning}</failOnWarning>
  <fileExtensions default-value="class,jar"/>
  <forceJavacCompilerUse default-value="false">${maven.compiler.forceJavacCompilerUse}</forceJavacCompilerUse>
  <forceLegacyJavacApi default-value="false">${maven.compiler.forceLegacyJavacApi}</forceLegacyJavacApi>
  <fork default-value="false">${maven.compiler.fork}</fork>
  <generatedSourcesDirectory default-value="${project.build.directory}/generated-sources/annotations"/>
  <implicit>${maven.compiler.implicit}</implicit>
  <maxmem>${maven.compiler.maxmem}</maxmem>
  <meminitial>${maven.compiler.meminitial}</meminitial>
  <moduleVersion default-value="${project.version}">${maven.compiler.moduleVersion}</moduleVersion>
  <mojoExecution default-value="${mojoExecution}"/>
  <optimize default-value="false">${maven.compiler.optimize}</optimize>
  <outputDirectory default-value="${project.build.outputDirectory}">${maven.compiler.outputDirectory}</outputDirectory>
  <outputTimestamp default-value="${project.build.outputTimestamp}"/>
  <parameters default-value="false">true</parameters>
  <proc>${maven.compiler.proc}</proc>
  <project default-value="${project}"/>
  <projectArtifact default-value="${project.artifact}"/>
  <release>${maven.compiler.release}</release>
  <session default-value="${session}"/>
  <showCompilationChanges default-value="false">${maven.compiler.showCompilationChanges}</showCompilationChanges>
  <showDeprecation default-value="false">${maven.compiler.showDeprecation}</showDeprecation>
  <showWarnings default-value="true">${maven.compiler.showWarnings}</showWarnings>
  <skipMain>${maven.main.skip}</skipMain>
  <skipMultiThreadWarning default-value="false">${maven.compiler.skipMultiThreadWarning}</skipMultiThreadWarning>
  <source default-value="1.8">${maven.compiler.source}</source>
  <staleMillis default-value="0">${lastModGranularityMs}</staleMillis>
  <target default-value="1.8">${maven.compiler.target}</target>
  <useIncrementalCompilation default-value="true">${maven.compiler.useIncrementalCompilation}</useIncrementalCompilation>
  <useModuleVersion default-value="true">${maven.compiler.useModuleVersion}</useModuleVersion>
  <verbose default-value="false">${maven.compiler.verbose}</verbose>
</configuration>
[DEBUG] =======================================================================
[DEBUG] Using mirror maven-default-http-blocker (http://0.0.0.0/) for sonatype-nexus-snapshots (http://oss.sonatype.org/content/repositories/snapshots).
[DEBUG] Using mirror maven-default-http-blocker (http://0.0.0.0/) for vaadin-snapshots (http://oss.sonatype.org/content/repositories/vaadin-snapshots/).
[DEBUG] Using mirror maven-default-http-blocker (http://0.0.0.0/) for vaadin-releases (http://oss.sonatype.org/content/repositories/vaadin-releases/).
[DEBUG] Dependency collection stats {ConflictMarker.analyzeTime=1794200, ConflictMarker.markTime=290200, ConflictMarker.nodeCount=341, ConflictIdSorter.graphTime=1211700, ConflictIdSorter.topsortTime=495400, ConflictIdSorter.conflictIdCount=153, ConflictIdSorter.conflictIdCycleCount=0, ConflictResolver.totalTime=8536400, ConflictResolver.conflictItemCount=306, DfDependencyCollector.collectTime=1053596900, DfDependencyCollector.transformTime=14575400}
[DEBUG] com.meritdata.mdm:codecenter:jar:0.1.0
[DEBUG]    org.springframework.boot:spring-boot-starter-web:jar:3.5.16:compile
[DEBUG]       org.springframework.boot:spring-boot-starter:jar:3.5.16:compile (version managed from 3.5.16)
[DEBUG]          org.springframework.boot:spring-boot:jar:3.5.16:compile (version managed from 3.5.16)
[DEBUG]          org.springframework.boot:spring-boot-autoconfigure:jar:3.5.16:compile (version managed from 3.5.16)
[DEBUG]          org.springframework.boot:spring-boot-starter-logging:jar:3.5.16:compile (version managed from 3.5.16)
[DEBUG]             ch.qos.logback:logback-classic:jar:1.5.34:compile (version managed from 1.5.34)
[DEBUG]                ch.qos.logback:logback-core:jar:1.5.34:compile (version managed from 1.5.34)
[DEBUG]             org.apache.logging.log4j:log4j-to-slf4j:jar:2.24.3:compile (version managed from 2.24.3)
[DEBUG]                org.apache.logging.log4j:log4j-api:jar:2.24.3:compile (version managed from 2.24.3)
[DEBUG]             org.slf4j:jul-to-slf4j:jar:2.0.18:compile (version managed from 2.0.18)
[DEBUG]          jakarta.annotation:jakarta.annotation-api:jar:2.1.1:compile (version managed from 2.1.1)
[DEBUG]          org.yaml:snakeyaml:jar:2.4:compile (version managed from 2.4)
[DEBUG]       org.springframework.boot:spring-boot-starter-json:jar:3.5.16:compile (version managed from 3.5.16)
[DEBUG]          com.fasterxml.jackson.core:jackson-databind:jar:2.21.4:compile (version managed from 2.21.4)
[DEBUG]             com.fasterxml.jackson.core:jackson-annotations:jar:2.21:compile (version managed from 2.21)
[DEBUG]             com.fasterxml.jackson.core:jackson-core:jar:2.21.4:compile (version managed from 2.21.4)
[DEBUG]          com.fasterxml.jackson.datatype:jackson-datatype-jdk8:jar:2.21.4:compile (version managed from 2.21.4)
[DEBUG]          com.fasterxml.jackson.datatype:jackson-datatype-jsr310:jar:2.21.4:compile (version managed from 2.21.4)
[DEBUG]          com.fasterxml.jackson.module:jackson-module-parameter-names:jar:2.21.4:compile (version managed from 2.21.4)
[DEBUG]       org.springframework.boot:spring-boot-starter-tomcat:jar:3.5.16:compile (version managed from 3.5.16)
[DEBUG]          org.apache.tomcat.embed:tomcat-embed-core:jar:10.1.55:compile (version managed from 10.1.55)
[DEBUG]          org.apache.tomcat.embed:tomcat-embed-websocket:jar:10.1.55:compile (version managed from 10.1.55)
[DEBUG]       org.springframework:spring-web:jar:6.2.19:compile (version managed from 6.2.19)
[DEBUG]          org.springframework:spring-beans:jar:6.2.19:compile (version managed from 6.2.19)
[DEBUG]       org.springframework:spring-webmvc:jar:6.2.19:compile (version managed from 6.2.19)
[DEBUG]          org.springframework:spring-context:jar:6.2.19:compile (version managed from 6.2.19)
[DEBUG]          org.springframework:spring-expression:jar:6.2.19:compile (version managed from 6.2.19)
[DEBUG]    org.springframework.boot:spring-boot-starter-data-jpa:jar:3.5.16:compile
[DEBUG]       org.springframework.boot:spring-boot-starter-jdbc:jar:3.5.16:compile (version managed from 3.5.16)
[DEBUG]          com.zaxxer:HikariCP:jar:6.3.3:compile (version managed from 6.3.3)
[DEBUG]          org.springframework:spring-jdbc:jar:6.2.19:compile (version managed from 6.2.19)
[DEBUG]       org.hibernate.orm:hibernate-core:jar:6.6.53.Final:compile (version managed from 6.6.53.Final)
[DEBUG]          jakarta.persistence:jakarta.persistence-api:jar:3.1.0:compile (version managed from 3.1.0)
[DEBUG]          jakarta.transaction:jakarta.transaction-api:jar:2.0.1:compile (version managed from 2.0.1)
[DEBUG]          org.jboss.logging:jboss-logging:jar:3.6.3.Final:compile (version managed from 3.5.0.Final)
[DEBUG]          org.hibernate.common:hibernate-commons-annotations:jar:7.0.3.Final:runtime
[DEBUG]          io.smallrye:jandex:jar:3.2.0:runtime
[DEBUG]          com.fasterxml:classmate:jar:1.7.3:compile (version managed from 1.5.1)
[DEBUG]          net.bytebuddy:byte-buddy:jar:1.17.8:runtime (version managed from 1.17.8)
[DEBUG]          org.glassfish.jaxb:jaxb-runtime:jar:4.0.9:runtime (version managed from 4.0.2)
[DEBUG]             org.glassfish.jaxb:jaxb-core:jar:4.0.9:runtime (version managed from 4.0.9)
[DEBUG]                org.eclipse.angus:angus-activation:jar:2.0.3:runtime (version managed from 2.0.3)
[DEBUG]                org.glassfish.jaxb:txw2:jar:4.0.9:runtime (version managed from 4.0.9)
[DEBUG]                com.sun.istack:istack-commons-runtime:jar:4.1.2:runtime (version managed from 4.1.2)
[DEBUG]          jakarta.inject:jakarta.inject-api:jar:2.0.1:runtime (version managed from 2.0.1)
[DEBUG]          org.antlr:antlr4-runtime:jar:4.13.2:compile
[DEBUG]       org.springframework.data:spring-data-jpa:jar:3.5.13:compile (version managed from 3.5.13)
[DEBUG]          org.springframework.data:spring-data-commons:jar:3.5.13:compile (version managed from 3.5.13)
[DEBUG]          org.springframework:spring-orm:jar:6.2.19:compile (version managed from 6.2.19)
[DEBUG]          org.springframework:spring-tx:jar:6.2.19:compile (version managed from 6.2.19)
[DEBUG]       org.springframework:spring-aspects:jar:6.2.19:compile (version managed from 6.2.19)
[DEBUG]    org.springframework.boot:spring-boot-starter-data-redis:jar:3.5.16:compile
[DEBUG]       io.lettuce:lettuce-core:jar:6.6.0.RELEASE:compile (version managed from 6.6.0.RELEASE)
[DEBUG]          redis.clients.authentication:redis-authx-core:jar:0.1.1-beta2:compile
[DEBUG]          io.netty:netty-common:jar:4.1.135.Final:compile (version managed from 4.1.118.Final)
[DEBUG]          io.netty:netty-handler:jar:4.1.135.Final:compile (version managed from 4.1.118.Final)
[DEBUG]             io.netty:netty-resolver:jar:4.1.135.Final:compile (version managed from 4.1.135.Final)
[DEBUG]             io.netty:netty-buffer:jar:4.1.135.Final:compile (version managed from 4.1.135.Final)
[DEBUG]             io.netty:netty-transport-native-unix-common:jar:4.1.135.Final:compile (version managed from 4.1.135.Final)
[DEBUG]             io.netty:netty-codec:jar:4.1.135.Final:compile (version managed from 4.1.135.Final)
[DEBUG]          io.netty:netty-transport:jar:4.1.135.Final:compile (version managed from 4.1.118.Final)
[DEBUG]          io.projectreactor:reactor-core:jar:3.7.19:compile (version managed from 3.6.6)
[DEBUG]             org.reactivestreams:reactive-streams:jar:1.0.4:compile (version managed from 1.0.4)
[DEBUG]       org.springframework.data:spring-data-redis:jar:3.5.13:compile (version managed from 3.5.13)
[DEBUG]          org.springframework.data:spring-data-keyvalue:jar:3.5.13:compile (version managed from 3.5.13)
[DEBUG]          org.springframework:spring-oxm:jar:6.2.19:compile (version managed from 6.2.19)
[DEBUG]    org.springframework.boot:spring-boot-starter-validation:jar:3.5.16:compile
[DEBUG]       org.apache.tomcat.embed:tomcat-embed-el:jar:10.1.55:compile (version managed from 10.1.55)
[DEBUG]       org.hibernate.validator:hibernate-validator:jar:8.0.3.Final:compile (version managed from 8.0.3.Final)
[DEBUG]          jakarta.validation:jakarta.validation-api:jar:3.0.2:compile (version managed from 3.0.2)
[DEBUG]    org.springframework.boot:spring-boot-starter-actuator:jar:3.5.16:compile
[DEBUG]       org.springframework.boot:spring-boot-actuator-autoconfigure:jar:3.5.16:compile (version managed from 3.5.16)
[DEBUG]          org.springframework.boot:spring-boot-actuator:jar:3.5.16:compile (version managed from 3.5.16)
[DEBUG]       io.micrometer:micrometer-observation:jar:1.15.12:compile (version managed from 1.15.12)
[DEBUG]          io.micrometer:micrometer-commons:jar:1.15.12:compile (version managed from 1.15.12)
[DEBUG]       io.micrometer:micrometer-jakarta9:jar:1.15.12:compile (version managed from 1.15.12)
[DEBUG]          io.micrometer:micrometer-core:jar:1.15.12:compile (version managed from 1.15.12)
[DEBUG]             org.hdrhistogram:HdrHistogram:jar:2.2.2:runtime
[DEBUG]             org.latencyutils:LatencyUtils:jar:2.0.3:runtime
[DEBUG]    org.springframework.boot:spring-boot-starter-aop:jar:3.5.16:compile
[DEBUG]       org.springframework:spring-aop:jar:6.2.19:compile (version managed from 6.2.19)
[DEBUG]       org.aspectj:aspectjweaver:jar:1.9.25.1:compile (version managed from 1.9.25.1)
[DEBUG]    org.springframework.boot:spring-boot-starter-cache:jar:3.5.16:compile
[DEBUG]       org.springframework:spring-context-support:jar:6.2.19:compile (version managed from 6.2.19)
[DEBUG]    com.mysql:mysql-connector-j:jar:9.7.0:runtime (exclusions managed from [com.google.protobuf:protobuf-java:*:*])
[DEBUG]    com.h2database:h2:jar:2.3.232:runtime
[DEBUG]    me.ahoo.cosid:cosid-spring-boot-starter:jar:2.9.9:compile
[DEBUG]       me.ahoo.cosid:cosid-core:jar:2.9.9:compile
[DEBUG]       com.google.guava:guava:jar:33.3.1-jre:runtime
[DEBUG]          com.google.guava:failureaccess:jar:1.0.2:runtime
[DEBUG]          com.google.guava:listenablefuture:jar:9999.0-empty-to-avoid-conflict-with-guava:runtime
[DEBUG]          com.google.code.findbugs:jsr305:jar:3.0.2:runtime
[DEBUG]          org.checkerframework:checker-qual:jar:3.43.0:runtime
[DEBUG]          com.google.j2objc:j2objc-annotations:jar:3.0.0:runtime
[DEBUG]       org.slf4j:slf4j-api:jar:2.0.18:compile (version managed from 2.0.16)
[DEBUG]    me.ahoo.cosid:cosid-jdbc:jar:2.9.9:compile
[DEBUG]    com.googlecode.aviator:aviator:jar:5.3.0:compile
[DEBUG]    org.apache.groovy:groovy:jar:4.0.32:compile
[DEBUG]    com.github.ben-manes.caffeine:caffeine:jar:3.2.4:compile
[DEBUG]       org.jspecify:jspecify:jar:1.0.0:compile (version managed from 1.0.0)
[DEBUG]       com.google.errorprone:error_prone_annotations:jar:2.49.0:compile
[DEBUG]    cn.hutool:hutool-all:jar:5.8.40:compile
[DEBUG]    io.micrometer:micrometer-tracing-bridge-brave:jar:1.5.12:compile
[DEBUG]       io.micrometer:micrometer-tracing:jar:1.5.12:compile (version managed from 1.5.12)
[DEBUG]          io.micrometer:context-propagation:jar:1.1.4:compile (version managed from 1.1.4)
[DEBUG]          aopalliance:aopalliance:jar:1.0:compile
[DEBUG]       io.zipkin.brave:brave:jar:6.1.0:compile (version managed from 6.2.0)
[DEBUG]       io.zipkin.brave:brave-context-slf4j:jar:6.1.0:compile (version managed from 6.2.0)
[DEBUG]       io.zipkin.brave:brave-instrumentation-http:jar:6.1.0:compile (version managed from 6.2.0)
[DEBUG]       io.zipkin.aws:brave-propagation-aws:jar:1.3.0:compile
[DEBUG]       io.zipkin.contrib.brave-propagation-w3c:brave-propagation-tracecontext:jar:0.2.0:compile
[DEBUG]    io.zipkin.reporter2:zipkin-reporter-brave:jar:3.5.3:compile
[DEBUG]       io.zipkin.reporter2:zipkin-reporter:jar:3.5.3:compile (version managed from 3.5.3)
[DEBUG]    org.springdoc:springdoc-openapi-starter-webmvc-ui:jar:2.6.0:compile
[DEBUG]       org.springdoc:springdoc-openapi-starter-webmvc-api:jar:2.6.0:compile
[DEBUG]          org.springdoc:springdoc-openapi-starter-common:jar:2.6.0:compile
[DEBUG]             io.swagger.core.v3:swagger-core-jakarta:jar:2.2.22:compile
[DEBUG]                org.apache.commons:commons-lang3:jar:3.17.0:compile (version managed from 3.14.0)
[DEBUG]                io.swagger.core.v3:swagger-annotations-jakarta:jar:2.2.22:compile
[DEBUG]                io.swagger.core.v3:swagger-models-jakarta:jar:2.2.22:compile
[DEBUG]                com.fasterxml.jackson.dataformat:jackson-dataformat-yaml:jar:2.21.4:compile (version managed from 2.16.2)
[DEBUG]       org.webjars:swagger-ui:jar:5.17.14:compile
[DEBUG]    org.projectlombok:lombok:jar:1.18.46:compile (optional)
[DEBUG]    org.springframework.boot:spring-boot-starter-test:jar:3.5.16:test
[DEBUG]       org.springframework.boot:spring-boot-test:jar:3.5.16:test (version managed from 3.5.16)
[DEBUG]       org.springframework.boot:spring-boot-test-autoconfigure:jar:3.5.16:test (version managed from 3.5.16)
[DEBUG]       com.jayway.jsonpath:json-path:jar:2.9.0:test (version managed from 2.9.0)
[DEBUG]       jakarta.xml.bind:jakarta.xml.bind-api:jar:4.0.5:compile (version managed from 4.0.5)
[DEBUG]          jakarta.activation:jakarta.activation-api:jar:2.1.4:compile (version managed from 2.1.4)
[DEBUG]       net.minidev:json-smart:jar:2.5.2:test (version managed from 2.5.2)
[DEBUG]          net.minidev:accessors-smart:jar:2.5.2:test
[DEBUG]             org.ow2.asm:asm:jar:9.7.1:test
[DEBUG]       org.assertj:assertj-core:jar:3.27.7:test (version managed from 3.27.7)
[DEBUG]       org.awaitility:awaitility:jar:4.2.2:test (version managed from 4.2.2)
[DEBUG]       org.hamcrest:hamcrest:jar:3.0:test (version managed from 3.0)
[DEBUG]       org.junit.jupiter:junit-jupiter:jar:5.12.2:test (version managed from 5.12.2)
[DEBUG]          org.junit.jupiter:junit-jupiter-api:jar:5.12.2:test (version managed from 5.12.2)
[DEBUG]             org.opentest4j:opentest4j:jar:1.3.0:test
[DEBUG]             org.junit.platform:junit-platform-commons:jar:1.12.2:test (version managed from 1.12.2)
[DEBUG]             org.apiguardian:apiguardian-api:jar:1.1.2:test
[DEBUG]          org.junit.jupiter:junit-jupiter-params:jar:5.12.2:test (version managed from 5.12.2)
[DEBUG]          org.junit.jupiter:junit-jupiter-engine:jar:5.12.2:test (version managed from 5.12.2)
[DEBUG]             org.junit.platform:junit-platform-engine:jar:1.12.2:test (version managed from 1.12.2)
[DEBUG]       org.mockito:mockito-core:jar:5.17.0:test (version managed from 5.17.0)
[DEBUG]          net.bytebuddy:byte-buddy-agent:jar:1.17.8:test (version managed from 1.15.11)
[DEBUG]          org.objenesis:objenesis:jar:3.3:test
[DEBUG]       org.mockito:mockito-junit-jupiter:jar:5.17.0:test (version managed from 5.17.0)
[DEBUG]       org.skyscreamer:jsonassert:jar:1.5.3:test (version managed from 1.5.3)
[DEBUG]          com.vaadin.external.google:android-json:jar:0.0.20131108.vaadin1:test
[DEBUG]       org.springframework:spring-core:jar:6.2.19:compile (version managed from 6.2.19)
[DEBUG]          org.springframework:spring-jcl:jar:6.2.19:compile (version managed from 6.2.19)
[DEBUG]       org.springframework:spring-test:jar:6.2.19:test (version managed from 6.2.19)
[DEBUG]       org.xmlunit:xmlunit-core:jar:2.10.4:test (version managed from 2.10.4)
[INFO] 
[INFO] --- clean:3.4.1:clean (default-clean) @ codecenter ---
[DEBUG] Dependency collection stats {ConflictMarker.analyzeTime=92200, ConflictMarker.markTime=29300, ConflictMarker.nodeCount=2, ConflictIdSorter.graphTime=45500, ConflictIdSorter.topsortTime=11900, ConflictIdSorter.conflictIdCount=2, ConflictIdSorter.conflictIdCycleCount=0, ConflictResolver.totalTime=133600, ConflictResolver.conflictItemCount=2, DfDependencyCollector.collectTime=9825600, DfDependencyCollector.transformTime=345100}
[DEBUG] org.apache.maven.plugins:maven-clean-plugin:jar:3.4.1
[DEBUG]    org.codehaus.plexus:plexus-utils:jar:4.0.1:compile
[DEBUG] Created new class realm plugin>org.apache.maven.plugins:maven-clean-plugin:3.4.1
[DEBUG] Importing foreign packages into class realm plugin>org.apache.maven.plugins:maven-clean-plugin:3.4.1
[DEBUG]   Imported:  < maven.api
[DEBUG] Populating class realm plugin>org.apache.maven.plugins:maven-clean-plugin:3.4.1
[DEBUG]   Included: org.apache.maven.plugins:maven-clean-plugin:jar:3.4.1
[DEBUG]   Included: org.codehaus.plexus:plexus-utils:jar:4.0.1
[DEBUG] Loading mojo org.apache.maven.plugins:maven-clean-plugin:3.4.1:clean from plugin realm ClassRealm[plugin>org.apache.maven.plugins:maven-clean-plugin:3.4.1, parent: jdk.internal.loader.ClassLoaders$AppClassLoader@6bc7c054]
[DEBUG] Configuring mojo execution 'org.apache.maven.plugins:maven-clean-plugin:3.4.1:clean:default-clean' with basic configurator -->
[DEBUG]   (f) directory = D:\dev\Projects\codecenter\target
[DEBUG]   (f) excludeDefaultDirectories = false
[DEBUG]   (f) failOnError = true
[DEBUG]   (f) fast = false
[DEBUG]   (f) fastMode = background
[DEBUG]   (f) followSymLinks = false
[DEBUG]   (f) outputDirectory = D:\dev\Projects\codecenter\target\classes
[DEBUG]   (f) reportDirectory = D:\dev\Projects\codecenter\target\classes
[DEBUG]   (f) retryOnError = true
[DEBUG]   (f) session = org.apache.maven.execution.MavenSession@338b49d3
[DEBUG]   (f) skip = false
[DEBUG]   (f) testOutputDirectory = D:\dev\Projects\codecenter\target\test-classes
[DEBUG] -- end configuration --
[INFO] Deleting D:\dev\Projects\codecenter\target
[INFO] Deleting file D:\dev\Projects\codecenter\target\classes\application-dev.yml
[INFO] Deleting file D:\dev\Projects\codecenter\target\classes\application-prod.yml
[INFO] Deleting file D:\dev\Projects\codecenter\target\classes\application.yml
[INFO] Deleting directory D:\dev\Projects\codecenter\target\classes\com\meritdata\mdm\codecenter\application\dto
[INFO] Deleting directory D:\dev\Projects\codecenter\target\classes\com\meritdata\mdm\codecenter\application\service
[INFO] Deleting directory D:\dev\Projects\codecenter\target\classes\com\meritdata\mdm\codecenter\application
[INFO] Deleting directory D:\dev\Projects\codecenter\target\classes\com\meritdata\mdm\codecenter\common\api
[INFO] Deleting directory D:\dev\Projects\codecenter\target\classes\com\meritdata\mdm\codecenter\common\exception
[INFO] Deleting directory D:\dev\Projects\codecenter\target\classes\com\meritdata\mdm\codecenter\common\util
[INFO] Deleting directory D:\dev\Projects\codecenter\target\classes\com\meritdata\mdm\codecenter\common
[INFO] Deleting directory D:\dev\Projects\codecenter\target\classes\com\meritdata\mdm\codecenter\domain\entity
[INFO] Deleting directory D:\dev\Projects\codecenter\target\classes\com\meritdata\mdm\codecenter\domain\enums
[INFO] Deleting directory D:\dev\Projects\codecenter\target\classes\com\meritdata\mdm\codecenter\domain\repository
[INFO] Deleting directory D:\dev\Projects\codecenter\target\classes\com\meritdata\mdm\codecenter\domain\valueobject\config
[INFO] Deleting directory D:\dev\Projects\codecenter\target\classes\com\meritdata\mdm\codecenter\domain\valueobject
[INFO] Deleting directory D:\dev\Projects\codecenter\target\classes\com\meritdata\mdm\codecenter\domain
[INFO] Deleting directory D:\dev\Projects\codecenter\target\classes\com\meritdata\mdm\codecenter\infrastructure\cosid
[INFO] Deleting directory D:\dev\Projects\codecenter\target\classes\com\meritdata\mdm\codecenter\infrastructure\dbscript
[INFO] Deleting directory D:\dev\Projects\codecenter\target\classes\com\meritdata\mdm\codecenter\infrastructure\dedup
[INFO] Deleting directory D:\dev\Projects\codecenter\target\classes\com\meritdata\mdm\codecenter\infrastructure\dsl
[INFO] Deleting directory D:\dev\Projects\codecenter\target\classes\com\meritdata\mdm\codecenter\infrastructure\segment
[INFO] Deleting directory D:\dev\Projects\codecenter\target\classes\com\meritdata\mdm\codecenter\infrastructure\sequence
[INFO] Deleting directory D:\dev\Projects\codecenter\target\classes\com\meritdata\mdm\codecenter\infrastructure
[INFO] Deleting directory D:\dev\Projects\codecenter\target\classes\com\meritdata\mdm\codecenter\presentation\controller
[INFO] Deleting directory D:\dev\Projects\codecenter\target\classes\com\meritdata\mdm\codecenter\presentation\exception
[INFO] Deleting directory D:\dev\Projects\codecenter\target\classes\com\meritdata\mdm\codecenter\presentation
[INFO] Deleting directory D:\dev\Projects\codecenter\target\classes\com\meritdata\mdm\codecenter
[INFO] Deleting directory D:\dev\Projects\codecenter\target\classes\com\meritdata\mdm
[INFO] Deleting directory D:\dev\Projects\codecenter\target\classes\com\meritdata
[INFO] Deleting directory D:\dev\Projects\codecenter\target\classes\com
[INFO] Deleting file D:\dev\Projects\codecenter\target\classes\sql\schema-dameng.sql
[INFO] Deleting file D:\dev\Projects\codecenter\target\classes\sql\schema-h2.sql
[INFO] Deleting file D:\dev\Projects\codecenter\target\classes\sql\schema-mysql.sql
[INFO] Deleting file D:\dev\Projects\codecenter\target\classes\sql\schema-oracle.sql
[INFO] Deleting directory D:\dev\Projects\codecenter\target\classes\sql
[INFO] Deleting directory D:\dev\Projects\codecenter\target\classes
[INFO] Deleting directory D:\dev\Projects\codecenter\target\generated-sources\annotations
[INFO] Deleting directory D:\dev\Projects\codecenter\target\generated-sources
[INFO] Deleting directory D:\dev\Projects\codecenter\target\generated-test-sources\test-annotations
[INFO] Deleting directory D:\dev\Projects\codecenter\target\generated-test-sources
[INFO] Deleting file D:\dev\Projects\codecenter\target\maven-status\maven-compiler-plugin\compile\default-compile\createdFiles.lst
[INFO] Deleting file D:\dev\Projects\codecenter\target\maven-status\maven-compiler-plugin\compile\default-compile\inputFiles.lst
[INFO] Deleting directory D:\dev\Projects\codecenter\target\maven-status\maven-compiler-plugin\compile\default-compile
[INFO] Deleting directory D:\dev\Projects\codecenter\target\maven-status\maven-compiler-plugin\compile
[INFO] Deleting file D:\dev\Projects\codecenter\target\maven-status\maven-compiler-plugin\testCompile\default-testCompile\createdFiles.lst
[INFO] Deleting file D:\dev\Projects\codecenter\target\maven-status\maven-compiler-plugin\testCompile\default-testCompile\inputFiles.lst
[INFO] Deleting directory D:\dev\Projects\codecenter\target\maven-status\maven-compiler-plugin\testCompile\default-testCompile
[INFO] Deleting directory D:\dev\Projects\codecenter\target\maven-status\maven-compiler-plugin\testCompile
[INFO] Deleting directory D:\dev\Projects\codecenter\target\maven-status\maven-compiler-plugin
[INFO] Deleting directory D:\dev\Projects\codecenter\target\maven-status
[INFO] Deleting file D:\dev\Projects\codecenter\target\surefire-reports\2026-06-27T16-34-09_851.dumpstream
[INFO] Deleting file D:\dev\Projects\codecenter\target\surefire-reports\2026-06-27T16-35-08_507.dumpstream
[INFO] Deleting file D:\dev\Projects\codecenter\target\surefire-reports\2026-06-27T16-36-50_060.dumpstream
[INFO] Deleting file D:\dev\Projects\codecenter\target\surefire-reports\2026-06-27T16-37-57_848.dumpstream
[INFO] Deleting file D:\dev\Projects\codecenter\target\surefire-reports\2026-06-27T16-43-23_436.dumpstream
[INFO] Deleting file D:\dev\Projects\codecenter\target\surefire-reports\2026-06-27T16-45-23_752.dumpstream
[INFO] Deleting file D:\dev\Projects\codecenter\target\surefire-reports\2026-06-27T16-46-08_869.dumpstream
[INFO] Deleting file D:\dev\Projects\codecenter\target\surefire-reports\2026-06-27T16-49-13_830.dumpstream
[INFO] Deleting file D:\dev\Projects\codecenter\target\surefire-reports\2026-06-27T16-50-53_652.dumpstream
[INFO] Deleting file D:\dev\Projects\codecenter\target\surefire-reports\2026-06-27T16-52-27_400.dumpstream
[INFO] Deleting file D:\dev\Projects\codecenter\target\surefire-reports\2026-06-27T16-53-40_692.dumpstream
[INFO] Deleting file D:\dev\Projects\codecenter\target\surefire-reports\2026-06-27T16-54-59_159.dumpstream
[INFO] Deleting file D:\dev\Projects\codecenter\target\surefire-reports\2026-06-27T16-58-34_956.dumpstream
[INFO] Deleting file D:\dev\Projects\codecenter\target\surefire-reports\2026-06-27T17-59-13_311.dumpstream
[INFO] Deleting file D:\dev\Projects\codecenter\target\surefire-reports\2026-06-27T18-02-18_761.dumpstream
[INFO] Deleting file D:\dev\Projects\codecenter\target\surefire-reports\2026-06-27T18-23-24_165.dumpstream
[INFO] Deleting file D:\dev\Projects\codecenter\target\surefire-reports\2026-06-27T18-26-06_905.dumpstream
[INFO] Deleting file D:\dev\Projects\codecenter\target\surefire-reports\2026-06-27T18-28-03_865.dumpstream
[INFO] Deleting file D:\dev\Projects\codecenter\target\surefire-reports\2026-06-27T18-29-37_409.dumpstream
[INFO] Deleting file D:\dev\Projects\codecenter\target\surefire-reports\2026-06-27T18-30-33_640.dumpstream
[INFO] Deleting file D:\dev\Projects\codecenter\target\surefire-reports\2026-06-27T18-31-17_572.dumpstream
[INFO] Deleting file D:\dev\Projects\codecenter\target\surefire-reports\2026-06-27T18-32-41_612.dumpstream
[INFO] Deleting file D:\dev\Projects\codecenter\target\surefire-reports\2026-06-27T18-33-47_337.dumpstream
[INFO] Deleting file D:\dev\Projects\codecenter\target\surefire-reports\2026-06-27T18-34-35_885.dumpstream
[INFO] Deleting file D:\dev\Projects\codecenter\target\surefire-reports\2026-06-27T18-35-41_683.dumpstream
[INFO] Deleting file D:\dev\Projects\codecenter\target\surefire-reports\2026-06-27T18-36-48_010.dumpstream
[INFO] Deleting file D:\dev\Projects\codecenter\target\surefire-reports\2026-06-27T18-37-32_598.dumpstream
[INFO] Deleting file D:\dev\Projects\codecenter\target\surefire-reports\2026-06-27T18-39-05_873.dumpstream
[INFO] Deleting file D:\dev\Projects\codecenter\target\surefire-reports\2026-06-27T18-39-43_127.dumpstream
[INFO] Deleting file D:\dev\Projects\codecenter\target\surefire-reports\2026-06-27T18-41-07_501.dumpstream
[INFO] Deleting file D:\dev\Projects\codecenter\target\surefire-reports\2026-06-27T18-41-32_028.dumpstream
[INFO] Deleting file D:\dev\Projects\codecenter\target\surefire-reports\2026-06-27T18-42-19_988.dumpstream
[INFO] Deleting file D:\dev\Projects\codecenter\target\surefire-reports\2026-06-27T18-43-03_299.dumpstream
[INFO] Deleting file D:\dev\Projects\codecenter\target\surefire-reports\2026-06-27T18-45-41_995.dumpstream
[INFO] Deleting file D:\dev\Projects\codecenter\target\surefire-reports\2026-06-27T18-46-53_986.dumpstream
[INFO] Deleting file D:\dev\Projects\codecenter\target\surefire-reports\2026-06-27T18-47-53_193.dumpstream
[INFO] Deleting file D:\dev\Projects\codecenter\target\surefire-reports\2026-06-27T18-50-19_669.dumpstream
[INFO] Deleting file D:\dev\Projects\codecenter\target\surefire-reports\2026-06-27T18-52-12_265.dumpstream
[INFO] Deleting file D:\dev\Projects\codecenter\target\surefire-reports\2026-06-27T18-57-38_950.dumpstream
[INFO] Deleting file D:\dev\Projects\codecenter\target\surefire-reports\2026-06-27T18-59-27_365.dumpstream
[INFO] Deleting file D:\dev\Projects\codecenter\target\surefire-reports\2026-06-27T19-00-37_038.dumpstream
[INFO] Deleting file D:\dev\Projects\codecenter\target\surefire-reports\2026-06-27T19-02-04_118.dumpstream
[INFO] Deleting file D:\dev\Projects\codecenter\target\surefire-reports\2026-06-27T19-04-50_455.dumpstream
[INFO] Deleting file D:\dev\Projects\codecenter\target\surefire-reports\2026-06-27T19-06-07_690.dumpstream
[INFO] Deleting file D:\dev\Projects\codecenter\target\surefire-reports\2026-06-27T19-13-52_110.dumpstream
[INFO] Deleting file D:\dev\Projects\codecenter\target\surefire-reports\2026-06-27T19-18-08_761.dumpstream
[INFO] Deleting file D:\dev\Projects\codecenter\target\surefire-reports\2026-06-27T19-20-35_530.dumpstream
[INFO] Deleting file D:\dev\Projects\codecenter\target\surefire-reports\2026-06-27T19-21-21_251.dumpstream
[INFO] Deleting file D:\dev\Projects\codecenter\target\surefire-reports\2026-06-27T19-22-17_747.dumpstream
[INFO] Deleting file D:\dev\Projects\codecenter\target\surefire-reports\2026-06-27T19-27-52_249.dumpstream
[INFO] Deleting file D:\dev\Projects\codecenter\target\surefire-reports\2026-06-27T19-28-15_043.dumpstream
[INFO] Deleting file D:\dev\Projects\codecenter\target\surefire-reports\2026-06-27T19-28-43_531.dumpstream
[INFO] Deleting file D:\dev\Projects\codecenter\target\surefire-reports\2026-06-27T19-41-10_394.dumpstream
[INFO] Deleting file D:\dev\Projects\codecenter\target\surefire-reports\2026-06-27T20-30-27_035.dumpstream
[INFO] Deleting file D:\dev\Projects\codecenter\target\surefire-reports\2026-06-27T20-31-03_385.dumpstream
[INFO] Deleting file D:\dev\Projects\codecenter\target\surefire-reports\2026-06-27T20-31-48_193.dumpstream
[INFO] Deleting file D:\dev\Projects\codecenter\target\surefire-reports\2026-06-27T20-32-36_681.dumpstream
[INFO] Deleting file D:\dev\Projects\codecenter\target\surefire-reports\2026-06-27T20-37-52_393.dumpstream
[INFO] Deleting file D:\dev\Projects\codecenter\target\surefire-reports\2026-06-27T20-50-54_649.dumpstream
[INFO] Deleting file D:\dev\Projects\codecenter\target\surefire-reports\2026-06-27T20-58-53_430.dumpstream
[INFO] Deleting file D:\dev\Projects\codecenter\target\surefire-reports\2026-06-27T20-59-27_065.dumpstream
[INFO] Deleting file D:\dev\Projects\codecenter\target\surefire-reports\2026-06-27T21-07-25_468.dumpstream
[INFO] Deleting file D:\dev\Projects\codecenter\target\surefire-reports\2026-06-27T21-14-47_875.dumpstream
[INFO] Deleting file D:\dev\Projects\codecenter\target\surefire-reports\2026-06-27T21-20-15_951.dumpstream
[INFO] Deleting file D:\dev\Projects\codecenter\target\surefire-reports\2026-06-27T21-23-27_149.dumpstream
[INFO] Deleting file D:\dev\Projects\codecenter\target\surefire-reports\2026-06-27T21-30-32_515.dumpstream
[INFO] Deleting file D:\dev\Projects\codecenter\target\surefire-reports\com.meritdata.mdm.codecenter.application.service.CodeGenerateServiceIntegrationTest.txt
[INFO] Deleting file D:\dev\Projects\codecenter\target\surefire-reports\com.meritdata.mdm.codecenter.CodecenterApplicationTests.txt
[INFO] Deleting file D:\dev\Projects\codecenter\target\surefire-reports\com.meritdata.mdm.codecenter.common.util.IdUtilTest.txt
[INFO] Deleting file D:\dev\Projects\codecenter\target\surefire-reports\com.meritdata.mdm.codecenter.domain.valueobject.FormatTemplateTest.txt
[INFO] Deleting file D:\dev\Projects\codecenter\target\surefire-reports\com.meritdata.mdm.codecenter.infrastructure.cosid.CosIdGeneratorTest.txt
[INFO] Deleting file D:\dev\Projects\codecenter\target\surefire-reports\com.meritdata.mdm.codecenter.infrastructure.dedup.CodeDedupServiceTest.txt
[INFO] Deleting file D:\dev\Projects\codecenter\target\surefire-reports\com.meritdata.mdm.codecenter.infrastructure.dsl.DslEngineTest.txt
[INFO] Deleting file D:\dev\Projects\codecenter\target\surefire-reports\com.meritdata.mdm.codecenter.infrastructure.segment.DateSegmentProcessorTest.txt
[INFO] Deleting file D:\dev\Projects\codecenter\target\surefire-reports\com.meritdata.mdm.codecenter.infrastructure.segment.DslEngineTest.txt
[INFO] Deleting file D:\dev\Projects\codecenter\target\surefire-reports\com.meritdata.mdm.codecenter.infrastructure.segment.EigenvalueSegmentProcessorTest.txt
[INFO] Deleting file D:\dev\Projects\codecenter\target\surefire-reports\com.meritdata.mdm.codecenter.infrastructure.segment.FixedSegmentProcessorTest.txt
[INFO] Deleting file D:\dev\Projects\codecenter\target\surefire-reports\com.meritdata.mdm.codecenter.infrastructure.segment.ReferenceSegmentProcessorTest.txt
[INFO] Deleting file D:\dev\Projects\codecenter\target\surefire-reports\com.meritdata.mdm.codecenter.infrastructure.segment.ReferenceSeqSegmentProcessorTest.txt
[INFO] Deleting file D:\dev\Projects\codecenter\target\surefire-reports\com.meritdata.mdm.codecenter.infrastructure.segment.SequenceSegmentProcessorTest.txt
[INFO] Deleting file D:\dev\Projects\codecenter\target\surefire-reports\com.meritdata.mdm.codecenter.presentation.CodeApiTest.txt
[INFO] Deleting file D:\dev\Projects\codecenter\target\surefire-reports\com.meritdata.mdm.codecenter.qa.CodePerfQaTest.txt
[INFO] Deleting file D:\dev\Projects\codecenter\target\surefire-reports\TEST-com.meritdata.mdm.codecenter.application.service.CodeGenerateServiceIntegrationTest.xml
[INFO] Deleting file D:\dev\Projects\codecenter\target\surefire-reports\TEST-com.meritdata.mdm.codecenter.CodecenterApplicationTests.xml
[INFO] Deleting file D:\dev\Projects\codecenter\target\surefire-reports\TEST-com.meritdata.mdm.codecenter.common.util.IdUtilTest.xml
[INFO] Deleting file D:\dev\Projects\codecenter\target\surefire-reports\TEST-com.meritdata.mdm.codecenter.domain.valueobject.FormatTemplateTest.xml
[INFO] Deleting file D:\dev\Projects\codecenter\target\surefire-reports\TEST-com.meritdata.mdm.codecenter.infrastructure.cosid.CosIdGeneratorTest.xml
[INFO] Deleting file D:\dev\Projects\codecenter\target\surefire-reports\TEST-com.meritdata.mdm.codecenter.infrastructure.dedup.CodeDedupServiceTest.xml
[INFO] Deleting file D:\dev\Projects\codecenter\target\surefire-reports\TEST-com.meritdata.mdm.codecenter.infrastructure.dsl.DslEngineTest.xml
[INFO] Deleting file D:\dev\Projects\codecenter\target\surefire-reports\TEST-com.meritdata.mdm.codecenter.infrastructure.segment.DateSegmentProcessorTest.xml
[INFO] Deleting file D:\dev\Projects\codecenter\target\surefire-reports\TEST-com.meritdata.mdm.codecenter.infrastructure.segment.DslEngineTest.xml
[INFO] Deleting file D:\dev\Projects\codecenter\target\surefire-reports\TEST-com.meritdata.mdm.codecenter.infrastructure.segment.EigenvalueSegmentProcessorTest.xml
[INFO] Deleting file D:\dev\Projects\codecenter\target\surefire-reports\TEST-com.meritdata.mdm.codecenter.infrastructure.segment.FixedSegmentProcessorTest.xml
[INFO] Deleting file D:\dev\Projects\codecenter\target\surefire-reports\TEST-com.meritdata.mdm.codecenter.infrastructure.segment.ReferenceSegmentProcessorTest.xml
[INFO] Deleting file D:\dev\Projects\codecenter\target\surefire-reports\TEST-com.meritdata.mdm.codecenter.infrastructure.segment.ReferenceSeqSegmentProcessorTest.xml
[INFO] Deleting file D:\dev\Projects\codecenter\target\surefire-reports\TEST-com.meritdata.mdm.codecenter.infrastructure.segment.SequenceSegmentProcessorTest.xml
[INFO] Deleting file D:\dev\Projects\codecenter\target\surefire-reports\TEST-com.meritdata.mdm.codecenter.presentation.CodeApiTest.xml
[INFO] Deleting file D:\dev\Projects\codecenter\target\surefire-reports\TEST-com.meritdata.mdm.codecenter.qa.CodePerfQaTest.xml
[INFO] Deleting directory D:\dev\Projects\codecenter\target\surefire-reports
[INFO] Deleting file D:\dev\Projects\codecenter\target\test-classes\com\meritdata\mdm\codecenter\application\service\CodeGenerateServiceIntegrationTest.class
[INFO] Deleting directory D:\dev\Projects\codecenter\target\test-classes\com\meritdata\mdm\codecenter\application\service
[INFO] Deleting directory D:\dev\Projects\codecenter\target\test-classes\com\meritdata\mdm\codecenter\application
[INFO] Deleting file D:\dev\Projects\codecenter\target\test-classes\com\meritdata\mdm\codecenter\CodecenterApplicationTests.class
[INFO] Deleting file D:\dev\Projects\codecenter\target\test-classes\com\meritdata\mdm\codecenter\common\util\IdUtilTest.class
[INFO] Deleting directory D:\dev\Projects\codecenter\target\test-classes\com\meritdata\mdm\codecenter\common\util
[INFO] Deleting directory D:\dev\Projects\codecenter\target\test-classes\com\meritdata\mdm\codecenter\common
[INFO] Deleting file D:\dev\Projects\codecenter\target\test-classes\com\meritdata\mdm\codecenter\domain\valueobject\FormatTemplateTest.class
[INFO] Deleting directory D:\dev\Projects\codecenter\target\test-classes\com\meritdata\mdm\codecenter\domain\valueobject
[INFO] Deleting directory D:\dev\Projects\codecenter\target\test-classes\com\meritdata\mdm\codecenter\domain
[INFO] Deleting file D:\dev\Projects\codecenter\target\test-classes\com\meritdata\mdm\codecenter\infrastructure\cosid\CosIdGeneratorTest.class
[INFO] Deleting directory D:\dev\Projects\codecenter\target\test-classes\com\meritdata\mdm\codecenter\infrastructure\cosid
[INFO] Deleting file D:\dev\Projects\codecenter\target\test-classes\com\meritdata\mdm\codecenter\infrastructure\dedup\CodeDedupServiceTest.class
[INFO] Deleting directory D:\dev\Projects\codecenter\target\test-classes\com\meritdata\mdm\codecenter\infrastructure\dedup
[INFO] Deleting file D:\dev\Projects\codecenter\target\test-classes\com\meritdata\mdm\codecenter\infrastructure\dsl\DslEngineTest.class
[INFO] Deleting directory D:\dev\Projects\codecenter\target\test-classes\com\meritdata\mdm\codecenter\infrastructure\dsl
[INFO] Deleting file D:\dev\Projects\codecenter\target\test-classes\com\meritdata\mdm\codecenter\infrastructure\segment\DateSegmentProcessorTest.class
[INFO] Deleting file D:\dev\Projects\codecenter\target\test-classes\com\meritdata\mdm\codecenter\infrastructure\segment\EigenvalueSegmentProcessorTest.class
[INFO] Deleting file D:\dev\Projects\codecenter\target\test-classes\com\meritdata\mdm\codecenter\infrastructure\segment\FixedSegmentProcessorTest.class
[INFO] Deleting file D:\dev\Projects\codecenter\target\test-classes\com\meritdata\mdm\codecenter\infrastructure\segment\ReferenceSegmentProcessorTest.class
[INFO] Deleting file D:\dev\Projects\codecenter\target\test-classes\com\meritdata\mdm\codecenter\infrastructure\segment\ReferenceSeqSegmentProcessorTest.class
[INFO] Deleting file D:\dev\Projects\codecenter\target\test-classes\com\meritdata\mdm\codecenter\infrastructure\segment\SequenceSegmentProcessorTest.class
[INFO] Deleting directory D:\dev\Projects\codecenter\target\test-classes\com\meritdata\mdm\codecenter\infrastructure\segment
[INFO] Deleting directory D:\dev\Projects\codecenter\target\test-classes\com\meritdata\mdm\codecenter\infrastructure
[INFO] Deleting file D:\dev\Projects\codecenter\target\test-classes\com\meritdata\mdm\codecenter\presentation\CodeApiTest.class
[INFO] Deleting directory D:\dev\Projects\codecenter\target\test-classes\com\meritdata\mdm\codecenter\presentation
[INFO] Deleting file D:\dev\Projects\codecenter\target\test-classes\com\meritdata\mdm\codecenter\qa\CodePerfQaTest.class
[INFO] Deleting directory D:\dev\Projects\codecenter\target\test-classes\com\meritdata\mdm\codecenter\qa
[INFO] Deleting directory D:\dev\Projects\codecenter\target\test-classes\com\meritdata\mdm\codecenter
[INFO] Deleting directory D:\dev\Projects\codecenter\target\test-classes\com\meritdata\mdm
[INFO] Deleting directory D:\dev\Projects\codecenter\target\test-classes\com\meritdata
[INFO] Deleting directory D:\dev\Projects\codecenter\target\test-classes\com
[INFO] Deleting directory D:\dev\Projects\codecenter\target\test-classes
[INFO] Deleting directory D:\dev\Projects\codecenter\target
[DEBUG] Skipping non-existing directory D:\dev\Projects\codecenter\target\classes
[DEBUG] Skipping non-existing directory D:\dev\Projects\codecenter\target\test-classes
[DEBUG] Skipping non-existing directory D:\dev\Projects\codecenter\target\classes
[INFO] 
[INFO] --- resources:3.3.1:resources (default-resources) @ codecenter ---
[DEBUG] Dependency collection stats {ConflictMarker.analyzeTime=41100, ConflictMarker.markTime=12600, ConflictMarker.nodeCount=13, ConflictIdSorter.graphTime=27100, ConflictIdSorter.topsortTime=9800, ConflictIdSorter.conflictIdCount=9, ConflictIdSorter.conflictIdCycleCount=0, ConflictResolver.totalTime=94400, ConflictResolver.conflictItemCount=13, DfDependencyCollector.collectTime=46321600, DfDependencyCollector.transformTime=200300}
[DEBUG] org.apache.maven.plugins:maven-resources-plugin:jar:3.3.1
[DEBUG]    org.codehaus.plexus:plexus-interpolation:jar:1.26:runtime
[DEBUG]    org.codehaus.plexus:plexus-utils:jar:3.5.1:compile
[DEBUG]    org.apache.maven.shared:maven-filtering:jar:3.3.1:compile
[DEBUG]       javax.inject:javax.inject:jar:1:compile
[DEBUG]       org.slf4j:slf4j-api:jar:1.7.36:compile
[DEBUG]       org.sonatype.plexus:plexus-build-api:jar:0.0.7:compile
[DEBUG]    commons-io:commons-io:jar:2.11.0:compile
[DEBUG]    org.apache.commons:commons-lang3:jar:3.12.0:compile
[DEBUG] Created new class realm plugin>org.apache.maven.plugins:maven-resources-plugin:3.3.1
[DEBUG] Importing foreign packages into class realm plugin>org.apache.maven.plugins:maven-resources-plugin:3.3.1
[DEBUG]   Imported:  < maven.api
[DEBUG] Populating class realm plugin>org.apache.maven.plugins:maven-resources-plugin:3.3.1
[DEBUG]   Included: org.apache.maven.plugins:maven-resources-plugin:jar:3.3.1
[DEBUG]   Included: org.codehaus.plexus:plexus-interpolation:jar:1.26
[DEBUG]   Included: org.codehaus.plexus:plexus-utils:jar:3.5.1
[DEBUG]   Included: org.apache.maven.shared:maven-filtering:jar:3.3.1
[DEBUG]   Included: org.sonatype.plexus:plexus-build-api:jar:0.0.7
[DEBUG]   Included: commons-io:commons-io:jar:2.11.0
[DEBUG]   Included: org.apache.commons:commons-lang3:jar:3.12.0
[DEBUG] Loading mojo org.apache.maven.plugins:maven-resources-plugin:3.3.1:resources from plugin realm ClassRealm[plugin>org.apache.maven.plugins:maven-resources-plugin:3.3.1, parent: jdk.internal.loader.ClassLoaders$AppClassLoader@6bc7c054]
[DEBUG] Configuring mojo execution 'org.apache.maven.plugins:maven-resources-plugin:3.3.1:resources:default-resources' with basic configurator -->
[DEBUG]   (f) addDefaultExcludes = true
[DEBUG]   (f) buildFilters = []
[DEBUG]   (s) delimiters = [@]
[DEBUG]   (f) encoding = UTF-8
[DEBUG]   (f) escapeWindowsPaths = true
[DEBUG]   (f) fileNameFiltering = false
[DEBUG]   (s) includeEmptyDirs = false
[DEBUG]   (s) outputDirectory = D:\dev\Projects\codecenter\target\classes
[DEBUG]   (s) overwrite = false
[DEBUG]   (f) project = MavenProject: com.meritdata.mdm:codecenter:0.1.0 @ D:\dev\Projects\codecenter\pom.xml
[DEBUG]   (f) propertiesEncoding = UTF-8
[DEBUG]   (s) resources = [Resource {targetPath: null, filtering: true, FileSet {directory: D:\dev\Projects\codecenter\src\main\resources, PatternSet [includes: {**/application*.yml, **/application*.yaml, **/application*.properties}, excludes: {}]}}, Resource {targetPath: null, filtering: false, FileSet {directory: D:\dev\Projects\codecenter\src\main\resources, PatternSet [includes: {}, excludes: {**/application*.yml, **/application*.yaml, **/application*.properties}]}}]
[DEBUG]   (f) session = org.apache.maven.execution.MavenSession@338b49d3
[DEBUG]   (f) skip = false
[DEBUG]   (f) supportMultiLineFiltering = false
[DEBUG]   (f) useBuildFilters = true
[DEBUG]   (s) useDefaultDelimiters = false
[DEBUG] -- end configuration --
[DEBUG] properties used:
[DEBUG] activemq.version: 6.1.8
[DEBUG] angus-mail.version: 2.0.5
[DEBUG] artemis.version: 2.40.0
[DEBUG] aspectj.version: 1.9.25.1
[DEBUG] assertj.version: 3.27.7
[DEBUG] aviator.version: 5.3.0
[DEBUG] awaitility.version: 4.2.2
[DEBUG] brave.version: 6.1.0
[DEBUG] build-helper-maven-plugin.version: 3.6.1
[DEBUG] byte-buddy.version: 1.17.8
[DEBUG] cache2k.version: 2.6.1.Final
[DEBUG] caffeine.version: 3.2.4
[DEBUG] cassandra-driver.version: 4.19.3
[DEBUG] classmate.version: 1.7.3
[DEBUG] classworlds.conf: C:\Users\merit\.m2\wrapper\dists\apache-maven-3.9.16\0daed3be3ebd1c706f0e69e8b07c6b73f5cc4ea3dfce72a8d0ec2e849ca2ddb0\bin\m2.conf
[DEBUG] commons-codec.version: 1.18.0
[DEBUG] commons-dbcp2.version: 2.13.0
[DEBUG] commons-lang3.version: 3.17.0
[DEBUG] commons-pool.version: 1.6
[DEBUG] commons-pool2.version: 2.12.1
[DEBUG] cosid.version: 2.9.9
[DEBUG] couchbase-client.version: 3.8.3
[DEBUG] crac.version: 1.5.0
[DEBUG] cyclonedx-maven-plugin.version: 2.9.1
[DEBUG] db2-jdbc.version: 12.1.4.0
[DEBUG] dependency-management-plugin.version: 1.1.7
[DEBUG] derby.version: 10.16.1.1
[DEBUG] ehcache3.version: 3.10.9
[DEBUG] elasticsearch-client.version: 8.18.8
[DEBUG] env.=D:: D:\dev\Projects\codecenter
[DEBUG] env.=EXITCODE: 00000000
[DEBUG] env.ALLUSERSPROFILE: C:\ProgramData
[DEBUG] env.APPDATA: C:\Users\merit\AppData\Roaming
[DEBUG] env.BUN_INSTALL: C:\Users\merit\scoop\persist\bun
[DEBUG] env.BUN_INSTALL_BIN: C:\Users\merit\scoop\persist\bun\bin
[DEBUG] env.BUN_INSTALL_GLOBAL_DIR: C:\Users\merit\scoop\persist\bun\install\global
[DEBUG] env.CHOCOLATEYINSTALL: C:\ProgramData\chocolatey
[DEBUG] env.CHOCOLATEYLASTPATHUPDATE: 134259721313357632
[DEBUG] env.CLASSWORLDS_JAR: "C:\Users\merit\.m2\wrapper\dists\apache-maven-3.9.16\0daed3be3ebd1c706f0e69e8b07c6b73f5cc4ea3dfce72a8d0ec2e849ca2ddb0\boot\plexus-classworlds-2.11.0.jar"
[DEBUG] env.CLASSWORLDS_LAUNCHER: org.codehaus.plexus.classworlds.launcher.Launcher
[DEBUG] env.CODEX_INTERNAL_ORIGINATOR_OVERRIDE: Codex Desktop
[DEBUG] env.CODEX_SHELL: 1
[DEBUG] env.CODEX_THREAD_ID: 019f0822-518c-7012-8357-0d1526c151f8
[DEBUG] env.COMMONPROGRAMFILES: C:\Program Files\Common Files
[DEBUG] env.COMMONPROGRAMFILES(X86): C:\Program Files (x86)\Common Files
[DEBUG] env.COMMONPROGRAMW6432: C:\Program Files\Common Files
[DEBUG] env.COMPUTERNAME: DESKTOP-A1I509T
[DEBUG] env.COMSPEC: C:\WINDOWS\system32\cmd.exe
[DEBUG] env.DISABLE_AUTO_UPDATE: true
[DEBUG] env.DRIVERDATA: C:\Windows\System32\Drivers\DriverData
[DEBUG] env.ELECTRON_FORCE_RENDERER_ACCESSIBILITY: 1
[DEBUG] env.ERROR_CODE: 0
[DEBUG] env.EXEC_DIR: D:\dev\Projects\codecenter
[DEBUG] env.HERMES_GIT_BASH_PATH: D:\Program Files\Git\bin\bash.exe
[DEBUG] env.HERMES_HOME: C:\Users\merit\AppData\Local\hermes
[DEBUG] env.HOMEDRIVE: C:
[DEBUG] env.HOMEPATH: \Users\merit
[DEBUG] env.INTERNAL_MAVEN_OPTS: --enable-native-access=ALL-UNNAMED 
[DEBUG] env.JAVACMD: C:\Users\merit\scoop\apps\temurin21-jdk\current\bin\java.exe
[DEBUG] env.JAVA_HOME: C:\Users\merit\scoop\apps\temurin21-jdk\current
[DEBUG] env.JVMCONFIG: \.mvn\jvm.config
[DEBUG] env.LOCALAPPDATA: C:\Users\merit\AppData\Local
[DEBUG] env.LOGONSERVER: \\DESKTOP-A1I509T
[DEBUG] env.LOG_FORMAT: json
[DEBUG] env.MAVEN_CMD_LINE_ARGS: -o clean compile -X
[DEBUG] env.MAVEN_HOME: C:\Users\merit\.m2\wrapper\dists\apache-maven-3.9.16\0daed3be3ebd1c706f0e69e8b07c6b73f5cc4ea3dfce72a8d0ec2e849ca2ddb0
[DEBUG] env.MAVEN_OPTS: -Dfile.encoding=UTF-8
[DEBUG] env.MAVEN_PROJECTBASEDIR: D:\dev\Projects\codecenter
[DEBUG] env.NUMBER_OF_PROCESSORS: 16
[DEBUG] env.ONEDRIVE: C:\Users\merit\OneDrive
[DEBUG] env.OS: Windows_NT
[DEBUG] env.PATH: C:\Program Files\WindowsApps\Microsoft.PowerShellPreview_7.7.2.0_x64__8wekyb3d8bbwe;C:\Users\merit\.codex\tmp\arg0\codex-arg0YN4mLF;C:\WINDOWS\system32;C:\WINDOWS;C:\WINDOWS\System32\Wbem;C:\WINDOWS\System32\WindowsPowerShell\v1.0\;C:\WINDOWS\System32\OpenSSH\;D:\Program Files\Git\cmd;C:\Program Files\dotnet\;D:\Program Files\Microsoft VS Code\bin;;C:\ProgramData\chocolatey\bin;C:\Program Files\Pandoc\;C:\Program Files\usbipd-win\;D:\Program Files\TortoiseGit\bin;C:\Users\merit\.mavis\bin;C:\Users\merit\AppData\Local\hermes\hermes-agent\venv\Scripts;C:\Users\merit\AppData\Local\Programs\Python\Launcher\;C:\Users\merit\AppData\Local\Programs\Python\Python312\Scripts\;C:\Users\merit\AppData\Local\Programs\Python\Python312\;C:\Users\merit\AppData\Local\hermes\bin;C:\Users\merit\AppData\Local\pnpm;C:\Users\merit\.cargo\bin;C:\Users\merit\scoop\apps\temurin21-jdk\current\bin;C:\Users\merit\scoop\persist\bun\bin;C:\Users\merit\scoop\shims;C:\Users\merit\AppData\Local\Microsoft\WindowsApps;C:\Users\merit\.nvmd\bin;C:\Users\merit\AppData\Local\Python\bin;C:\Users\merit\.lmstudio\bin;C:\Users\merit\AppData\Local\Microsoft\WinGet\Links;D:\Program Files\JetBrains\PyCharm 2026.1.2\bin;C:\Users\merit\AppData\Local\Programs\Ollama;C:\Users\merit\.dotnet\tools;C:\Users\merit\AppData\Local\GitHubDesktop\bin;C:\Program Files\WindowsApps\OpenAI.Codex_26.616.10790.0_x64__2p2nqsd0c76g0\app\resources
[DEBUG] env.PATHEXT: .COM;.EXE;.BAT;.CMD;.VBS;.VBE;.JS;.JSE;.WSF;.WSH;.MSC;.CPL
[DEBUG] env.PNPM_HOME: C:\Users\merit\AppData\Local\pnpm
[DEBUG] env.PROCESSOR_ARCHITECTURE: AMD64
[DEBUG] env.PROCESSOR_IDENTIFIER: Intel64 Family 6 Model 186 Stepping 2, GenuineIntel
[DEBUG] env.PROCESSOR_LEVEL: 6
[DEBUG] env.PROCESSOR_REVISION: ba02
[DEBUG] env.PROGRAMDATA: C:\ProgramData
[DEBUG] env.PROGRAMFILES: C:\Program Files
[DEBUG] env.PROGRAMFILES(X86): C:\Program Files (x86)
[DEBUG] env.PROGRAMW6432: C:\Program Files
[DEBUG] env.PROMPT: $P$G
[DEBUG] env.PSMODULEPATH: D:\Users\merit\Documents\PowerShell\Modules;C:\Program Files\PowerShell\Modules;c:\program files\windowsapps\microsoft.powershellpreview_7.7.2.0_x64__8wekyb3d8bbwe\Modules;D:\Users\merit\Documents\WindowsPowerShell\Modules;C:\Program Files\WindowsPowerShell\Modules;C:\WINDOWS\system32\WindowsPowerShell\v1.0\Modules
[DEBUG] env.PUBLIC: C:\Users\Public
[DEBUG] env.PYCHARM: D:\Program Files\JetBrains\PyCharm 2026.1.2\bin
[DEBUG] env.RUSTUP_DIST_SERVER: https://mirrors.tuna.tsinghua.edu.cn/rustup
[DEBUG] env.RUSTUP_UPDATE_ROOT: https://mirrors.tuna.tsinghua.edu.cn/rustup/rustup
[DEBUG] env.RUST_LOG: warn
[DEBUG] env.SHELL: C:\WINDOWS\System32\WindowsPowerShell\v1.0\powershell.exe
[DEBUG] env.SYSTEMDRIVE: C:
[DEBUG] env.SYSTEMROOT: C:\WINDOWS
[DEBUG] env.TEMP: C:\Users\merit\AppData\Local\Temp
[DEBUG] env.TMP: C:\Users\merit\AppData\Local\Temp
[DEBUG] env.USERDOMAIN: DESKTOP-A1I509T
[DEBUG] env.USERDOMAIN_ROAMINGPROFILE: DESKTOP-A1I509T
[DEBUG] env.USERNAME: merit
[DEBUG] env.USERPROFILE: C:\Users\merit
[DEBUG] env.WDIR: D:\dev\Projects\codecenter
[DEBUG] env.WINDIR: C:\WINDOWS
[DEBUG] env.ZSH_TMUX_AUTOSTART: false
[DEBUG] env.ZSH_TMUX_AUTOSTARTED: true
[DEBUG] env.__MVNW_CMD__: C:\Users\merit/.m2/wrapper/dists/apache-maven-3.9.16/0daed3be3ebd1c706f0e69e8b07c6b73f5cc4ea3dfce72a8d0ec2e849ca2ddb0/bin/mvn.cmd
[DEBUG] file.encoding: UTF-8
[DEBUG] file.separator: \
[DEBUG] flyway.version: 11.7.2
[DEBUG] freemarker.version: 2.3.34
[DEBUG] git-commit-id-maven-plugin.version: 9.0.2
[DEBUG] glassfish-jaxb.version: 4.0.9
[DEBUG] glassfish-jstl.version: 3.0.1
[DEBUG] graphql-java.version: 24.3
[DEBUG] groovy.version: 4.0.32
[DEBUG] gson.version: 2.13.2
[DEBUG] h2.version: 2.3.232
[DEBUG] hamcrest.version: 3.0
[DEBUG] hazelcast.version: 5.5.0
[DEBUG] hibernate-validator.version: 8.0.3.Final
[DEBUG] hibernate.version: 6.6.53.Final
[DEBUG] hikaricp.version: 6.3.3
[DEBUG] hsqldb.version: 2.7.3
[DEBUG] htmlunit.version: 4.11.1
[DEBUG] httpasyncclient.version: 4.1.5
[DEBUG] httpclient5.version: 5.5.2
[DEBUG] httpcore.version: 4.4.16
[DEBUG] httpcore5.version: 5.3.6
[DEBUG] hutool.version: 5.8.40
[DEBUG] infinispan.version: 15.2.6.Final
[DEBUG] influxdb-java.version: 2.25
[DEBUG] jackson-bom.version: 2.21.4
[DEBUG] jakarta-activation.version: 2.1.4
[DEBUG] jakarta-annotation.version: 2.1.1
[DEBUG] jakarta-inject.version: 2.0.1
[DEBUG] jakarta-jms.version: 3.1.0
[DEBUG] jakarta-json-bind.version: 3.0.2
[DEBUG] jakarta-json.version: 2.1.3
[DEBUG] jakarta-mail.version: 2.1.5
[DEBUG] jakarta-management.version: 1.1.4
[DEBUG] jakarta-persistence.version: 3.1.0
[DEBUG] jakarta-servlet-jsp-jstl.version: 3.0.2
[DEBUG] jakarta-servlet.version: 6.0.0
[DEBUG] jakarta-transaction.version: 2.0.1
[DEBUG] jakarta-validation.version: 3.0.2
[DEBUG] jakarta-websocket.version: 2.1.1
[DEBUG] jakarta-ws-rs.version: 3.1.0
[DEBUG] jakarta-xml-bind.version: 4.0.5
[DEBUG] jakarta-xml-soap.version: 3.0.2
[DEBUG] jakarta-xml-ws.version: 4.0.3
[DEBUG] janino.version: 3.1.12
[DEBUG] java.class.path: C:\Users\merit\.m2\wrapper\dists\apache-maven-3.9.16\0daed3be3ebd1c706f0e69e8b07c6b73f5cc4ea3dfce72a8d0ec2e849ca2ddb0\boot\plexus-classworlds-2.11.0.jar
[DEBUG] java.class.version: 65.0
[DEBUG] java.home: C:\Users\merit\scoop\apps\temurin21-jdk\current
[DEBUG] java.io.tmpdir: C:\Users\merit\AppData\Local\Temp\
[DEBUG] java.library.path: C:\Users\merit\scoop\apps\temurin21-jdk\current\bin;C:\WINDOWS\Sun\Java\bin;C:\WINDOWS\system32;C:\WINDOWS;C:\Program Files\WindowsApps\Microsoft.PowerShellPreview_7.7.2.0_x64__8wekyb3d8bbwe;C:\Users\merit\.codex\tmp\arg0\codex-arg0YN4mLF;C:\WINDOWS\system32;C:\WINDOWS;C:\WINDOWS\System32\Wbem;C:\WINDOWS\System32\WindowsPowerShell\v1.0\;C:\WINDOWS\System32\OpenSSH\;D:\Program Files\Git\cmd;C:\Program Files\dotnet\;D:\Program Files\Microsoft VS Code\bin;;C:\ProgramData\chocolatey\bin;C:\Program Files\Pandoc\;C:\Program Files\usbipd-win\;D:\Program Files\TortoiseGit\bin;C:\Users\merit\.mavis\bin;C:\Users\merit\AppData\Local\hermes\hermes-agent\venv\Scripts;C:\Users\merit\AppData\Local\Programs\Python\Launcher\;C:\Users\merit\AppData\Local\Programs\Python\Python312\Scripts\;C:\Users\merit\AppData\Local\Programs\Python\Python312\;C:\Users\merit\AppData\Local\hermes\bin;C:\Users\merit\AppData\Local\pnpm;C:\Users\merit\.cargo\bin;C:\Users\merit\scoop\apps\temurin21-jdk\current\bin;C:\Users\merit\scoop\persist\bun\bin;C:\Users\merit\scoop\shims;C:\Users\merit\AppData\Local\Microsoft\WindowsApps;C:\Users\merit\.nvmd\bin;C:\Users\merit\AppData\Local\Python\bin;C:\Users\merit\.lmstudio\bin;C:\Users\merit\AppData\Local\Microsoft\WinGet\Links;D:\Program Files\JetBrains\PyCharm 2026.1.2\bin;C:\Users\merit\AppData\Local\Programs\Ollama;C:\Users\merit\.dotnet\tools;C:\Users\merit\AppData\Local\GitHubDesktop\bin;C:\Program Files\WindowsApps\OpenAI.Codex_26.616.10790.0_x64__2p2nqsd0c76g0\app\resources;.
[DEBUG] java.runtime.name: OpenJDK Runtime Environment
[DEBUG] java.runtime.version: 21.0.11+10-LTS
[DEBUG] java.specification.name: Java Platform API Specification
[DEBUG] java.specification.vendor: Oracle Corporation
[DEBUG] java.specification.version: 21
[DEBUG] java.vendor: Eclipse Adoptium
[DEBUG] java.vendor.url: https://adoptium.net/
[DEBUG] java.vendor.url.bug: https://github.com/adoptium/adoptium-support/issues
[DEBUG] java.vendor.version: Temurin-21.0.11+10
[DEBUG] java.version: 21.0.11
[DEBUG] java.version.date: 2026-04-21
[DEBUG] java.vm.compressedOopsMode: Zero based
[DEBUG] java.vm.info: mixed mode, sharing
[DEBUG] java.vm.name: OpenJDK 64-Bit Server VM
[DEBUG] java.vm.specification.name: Java Virtual Machine Specification
[DEBUG] java.vm.specification.vendor: Oracle Corporation
[DEBUG] java.vm.specification.version: 21
[DEBUG] java.vm.vendor: Eclipse Adoptium
[DEBUG] java.vm.version: 21.0.11+10-LTS
[DEBUG] javax-cache.version: 1.1.1
[DEBUG] javax-money.version: 1.1
[DEBUG] jaxen.version: 2.0.6
[DEBUG] jaybird.version: 6.0.5
[DEBUG] jboss-logging.version: 3.6.3.Final
[DEBUG] jdk.debug: release
[DEBUG] jdom2.version: 2.0.6.1
[DEBUG] jedis.version: 6.0.0
[DEBUG] jersey.version: 3.1.11
[DEBUG] jetty-reactive-httpclient.version: 4.0.14
[DEBUG] jetty.version: 12.0.36
[DEBUG] jmustache.version: 1.16
[DEBUG] jooq.version: 3.19.35
[DEBUG] json-path.version: 2.9.0
[DEBUG] json-smart.version: 2.5.2
[DEBUG] jsonassert.version: 1.5.3
[DEBUG] jtds.version: 1.3.1
[DEBUG] junit-jupiter.version: 5.12.2
[DEBUG] junit.version: 4.13.2
[DEBUG] kafka.version: 3.9.2
[DEBUG] kotlin-coroutines.version: 1.8.1
[DEBUG] kotlin-serialization.version: 1.6.3
[DEBUG] kotlin.version: 1.9.25
[DEBUG] lettuce.version: 6.6.0.RELEASE
[DEBUG] library.jansi.path: C:\Users\merit\.m2\wrapper\dists\apache-maven-3.9.16\0daed3be3ebd1c706f0e69e8b07c6b73f5cc4ea3dfce72a8d0ec2e849ca2ddb0\lib\jansi-native
[DEBUG] line.separator: 

[DEBUG] liquibase.version: 4.31.1
[DEBUG] log4j2.version: 2.24.3
[DEBUG] logback.version: 1.5.34
[DEBUG] lombok.version: 1.18.46
[DEBUG] mariadb.version: 3.5.8
[DEBUG] maven-antrun-plugin.version: 3.1.0
[DEBUG] maven-assembly-plugin.version: 3.7.1
[DEBUG] maven-clean-plugin.version: 3.4.1
[DEBUG] maven-compiler-plugin.version: 3.14.1
[DEBUG] maven-dependency-plugin.version: 3.8.1
[DEBUG] maven-deploy-plugin.version: 3.1.4
[DEBUG] maven-enforcer-plugin.version: 3.5.0
[DEBUG] maven-failsafe-plugin.version: 3.5.6
[DEBUG] maven-help-plugin.version: 3.5.1
[DEBUG] maven-install-plugin.version: 3.1.4
[DEBUG] maven-invoker-plugin.version: 3.9.1
[DEBUG] maven-jar-plugin.version: 3.4.2
[DEBUG] maven-javadoc-plugin.version: 3.11.3
[DEBUG] maven-resources-plugin.version: 3.3.1
[DEBUG] maven-shade-plugin.version: 3.6.2
[DEBUG] maven-source-plugin.version: 3.3.1
[DEBUG] maven-surefire-plugin.version: 3.5.6
[DEBUG] maven-war-plugin.version: 3.4.0
[DEBUG] maven.build.timestamp: 2026-06-27T13:37:59Z
[DEBUG] maven.build.version: Apache Maven 3.9.16 (2bdd9fddda4b155ebf8000e807eb73fd829a51d5)
[DEBUG] maven.compiler.release: 21
[DEBUG] maven.conf: C:\Users\merit\.m2\wrapper\dists\apache-maven-3.9.16\0daed3be3ebd1c706f0e69e8b07c6b73f5cc4ea3dfce72a8d0ec2e849ca2ddb0/conf
[DEBUG] maven.home: C:\Users\merit\.m2\wrapper\dists\apache-maven-3.9.16\0daed3be3ebd1c706f0e69e8b07c6b73f5cc4ea3dfce72a8d0ec2e849ca2ddb0
[DEBUG] maven.multiModuleProjectDirectory: D:\dev\Projects\codecenter
[DEBUG] maven.version: 3.9.16
[DEBUG] micrometer-tracing.version: 1.5.12
[DEBUG] micrometer.version: 1.15.12
[DEBUG] mockito.version: 5.17.0
[DEBUG] mongodb.version: 5.5.2
[DEBUG] mssql-jdbc.version: 12.10.2.jre11
[DEBUG] mysql.version: 9.7.0
[DEBUG] native-build-tools-plugin.version: 0.10.6
[DEBUG] native.encoding: GBK
[DEBUG] nekohtml.version: 1.9.22
[DEBUG] neo4j-java-driver.version: 5.28.13
[DEBUG] netty.version: 4.1.135.Final
[DEBUG] opentelemetry.version: 1.49.0
[DEBUG] oracle-database.version: 23.7.0.25.01
[DEBUG] oracle-r2dbc.version: 1.3.0
[DEBUG] os.arch: amd64
[DEBUG] os.name: Windows 11
[DEBUG] os.version: 10.0
[DEBUG] path.separator: ;
[DEBUG] pooled-jms.version: 3.1.9
[DEBUG] postgresql.version: 42.7.11
[DEBUG] project.baseUri: file:/D:/dev/Projects/codecenter/
[DEBUG] project.build.sourceEncoding: UTF-8
[DEBUG] project.reporting.outputEncoding: UTF-8
[DEBUG] prometheus-client.version: 1.3.10
[DEBUG] prometheus-simpleclient.version: 0.16.0
[DEBUG] pulsar-reactive.version: 0.6.0
[DEBUG] pulsar.version: 4.0.11
[DEBUG] quartz.version: 2.5.2
[DEBUG] querydsl.version: 5.1.0
[DEBUG] r2dbc-h2.version: 1.0.1.RELEASE
[DEBUG] r2dbc-mariadb.version: 1.3.0
[DEBUG] r2dbc-mssql.version: 1.0.4.RELEASE
[DEBUG] r2dbc-mysql.version: 1.4.2
[DEBUG] r2dbc-pool.version: 1.0.2.RELEASE
[DEBUG] r2dbc-postgresql.version: 1.0.9.RELEASE
[DEBUG] r2dbc-proxy.version: 1.1.6.RELEASE
[DEBUG] r2dbc-spi.version: 1.0.0.RELEASE
[DEBUG] rabbit-amqp-client.version: 5.25.0
[DEBUG] rabbit-stream-client.version: 0.23.0
[DEBUG] reactive-streams.version: 1.0.4
[DEBUG] reactor-bom.version: 2024.0.18
[DEBUG] resource.delimiter: @
[DEBUG] rest-assured.version: 5.5.7
[DEBUG] rsocket.version: 1.1.5
[DEBUG] rxjava3.version: 3.1.12
[DEBUG] saaj-impl.version: 3.0.6
[DEBUG] selenium-htmlunit.version: 4.30.0
[DEBUG] selenium.version: 4.31.0
[DEBUG] sendgrid.version: 4.10.3
[DEBUG] slf4j.version: 2.0.18
[DEBUG] snakeyaml.version: 2.4
[DEBUG] spring-amqp.version: 3.2.12
[DEBUG] spring-authorization-server.version: 1.5.8
[DEBUG] spring-batch.version: 5.2.6
[DEBUG] spring-boot.run.main-class: ${start-class}
[DEBUG] spring-data-bom.version: 2025.0.13
[DEBUG] spring-framework.version: 6.2.19
[DEBUG] spring-graphql.version: 1.4.6
[DEBUG] spring-hateoas.version: 2.5.3
[DEBUG] spring-integration.version: 6.5.10
[DEBUG] spring-kafka.version: 3.3.16
[DEBUG] spring-ldap.version: 3.3.8
[DEBUG] spring-pulsar.version: 1.2.18
[DEBUG] spring-restdocs.version: 3.0.6
[DEBUG] spring-retry.version: 2.0.13
[DEBUG] spring-security.version: 6.5.11
[DEBUG] spring-session.version: 3.5.7
[DEBUG] spring-ws.version: 4.1.4
[DEBUG] sqlite-jdbc.version: 3.49.1.0
[DEBUG] stderr.encoding: GBK
[DEBUG] stdout.encoding: GBK
[DEBUG] sun.arch.data.model: 64
[DEBUG] sun.boot.library.path: C:\Users\merit\scoop\apps\temurin21-jdk\current\bin
[DEBUG] sun.cpu.endian: little
[DEBUG] sun.cpu.isalist: amd64
[DEBUG] sun.io.unicode.encoding: UnicodeLittle
[DEBUG] sun.java.command: org.codehaus.plexus.classworlds.launcher.Launcher -o clean compile -X
[DEBUG] sun.java.launcher: SUN_STANDARD
[DEBUG] sun.jnu.encoding: GBK
[DEBUG] sun.management.compiler: HotSpot 64-Bit Tiered Compilers
[DEBUG] sun.os.patch.level: 
[DEBUG] testcontainers-redis-module.version: 2.2.4
[DEBUG] testcontainers.version: 1.21.4
[DEBUG] thymeleaf-extras-data-attribute.version: 2.0.1
[DEBUG] thymeleaf-extras-springsecurity.version: 3.1.5.RELEASE
[DEBUG] thymeleaf-layout-dialect.version: 3.4.0
[DEBUG] thymeleaf.version: 3.1.5.RELEASE
[DEBUG] tomcat.version: 10.1.55
[DEBUG] unboundid-ldapsdk.version: 7.0.4
[DEBUG] undertow.version: 2.3.24.Final
[DEBUG] user.country: CN
[DEBUG] user.dir: D:\dev\Projects\codecenter
[DEBUG] user.home: C:\Users\merit
[DEBUG] user.language: zh
[DEBUG] user.name: merit
[DEBUG] user.script: 
[DEBUG] user.variant: 
[DEBUG] versions-maven-plugin.version: 2.18.0
[DEBUG] vibur.version: 26.0
[DEBUG] webjars-locator-core.version: 0.59
[DEBUG] webjars-locator-lite.version: 1.1.3
[DEBUG] wsdl4j.version: 1.6.3
[DEBUG] xml-maven-plugin.version: 1.1.0
[DEBUG] xmlunit2.version: 2.10.4
[DEBUG] yasson.version: 3.0.4
[DEBUG] zipkin-reporter.version: 3.5.3
[DEBUG] Using 'UTF-8' encoding to copy filtered resources.
[DEBUG] Using 'UTF-8' encoding to copy filtered properties files.
[DEBUG] resource with targetPath null
directory D:\dev\Projects\codecenter\src\main\resources
excludes []
includes [**/application*.yml, **/application*.yaml, **/application*.properties]
[DEBUG] ignoreDelta true
[INFO] Copying 3 resources from src\main\resources to target\classes
[DEBUG] Copying file application-dev.yml
[DEBUG] file application-dev.yml has a filtered file extension
[DEBUG] Using 'UTF-8' encoding to copy filtered resource 'application-dev.yml'.
[DEBUG] filtering D:\dev\Projects\codecenter\src\main\resources\application-dev.yml to D:\dev\Projects\codecenter\target\classes\application-dev.yml
[DEBUG] Copying file application-prod.yml
[DEBUG] file application-prod.yml has a filtered file extension
[DEBUG] Using 'UTF-8' encoding to copy filtered resource 'application-prod.yml'.
[DEBUG] filtering D:\dev\Projects\codecenter\src\main\resources\application-prod.yml to D:\dev\Projects\codecenter\target\classes\application-prod.yml
[DEBUG] Copying file application.yml
[DEBUG] file application.yml has a filtered file extension
[DEBUG] Using 'UTF-8' encoding to copy filtered resource 'application.yml'.
[DEBUG] filtering D:\dev\Projects\codecenter\src\main\resources\application.yml to D:\dev\Projects\codecenter\target\classes\application.yml
[DEBUG] resource with targetPath null
directory D:\dev\Projects\codecenter\src\main\resources
excludes [**/application*.yml, **/application*.yaml, **/application*.properties]
includes []
[DEBUG] ignoreDelta true
[INFO] Copying 4 resources from src\main\resources to target\classes
[DEBUG] Copying file sql\schema-dameng.sql
[DEBUG] file schema-dameng.sql has a filtered file extension
[DEBUG] Using 'UTF-8' encoding to copy filtered resource 'schema-dameng.sql'.
[DEBUG] copy D:\dev\Projects\codecenter\src\main\resources\sql\schema-dameng.sql to D:\dev\Projects\codecenter\target\classes\sql\schema-dameng.sql
[DEBUG] Copying file sql\schema-h2.sql
[DEBUG] file schema-h2.sql has a filtered file extension
[DEBUG] Using 'UTF-8' encoding to copy filtered resource 'schema-h2.sql'.
[DEBUG] copy D:\dev\Projects\codecenter\src\main\resources\sql\schema-h2.sql to D:\dev\Projects\codecenter\target\classes\sql\schema-h2.sql
[DEBUG] Copying file sql\schema-mysql.sql
[DEBUG] file schema-mysql.sql has a filtered file extension
[DEBUG] Using 'UTF-8' encoding to copy filtered resource 'schema-mysql.sql'.
[DEBUG] copy D:\dev\Projects\codecenter\src\main\resources\sql\schema-mysql.sql to D:\dev\Projects\codecenter\target\classes\sql\schema-mysql.sql
[DEBUG] Copying file sql\schema-oracle.sql
[DEBUG] file schema-oracle.sql has a filtered file extension
[DEBUG] Using 'UTF-8' encoding to copy filtered resource 'schema-oracle.sql'.
[DEBUG] copy D:\dev\Projects\codecenter\src\main\resources\sql\schema-oracle.sql to D:\dev\Projects\codecenter\target\classes\sql\schema-oracle.sql
[DEBUG] no user filter components
[INFO] 
[INFO] --- compiler:3.14.1:compile (default-compile) @ codecenter ---
[DEBUG] Using mirror maven-default-http-blocker (http://0.0.0.0/) for apache.snapshots (http://repository.apache.org/snapshots).
[DEBUG] Dependency collection stats {ConflictMarker.analyzeTime=62800, ConflictMarker.markTime=32700, ConflictMarker.nodeCount=23, ConflictIdSorter.graphTime=20300, ConflictIdSorter.topsortTime=14800, ConflictIdSorter.conflictIdCount=14, ConflictIdSorter.conflictIdCycleCount=0, ConflictResolver.totalTime=159800, ConflictResolver.conflictItemCount=23, DfDependencyCollector.collectTime=46453300, DfDependencyCollector.transformTime=316400}
[DEBUG] org.apache.maven.plugins:maven-compiler-plugin:jar:3.14.1
[DEBUG]    org.ow2.asm:asm:jar:9.8:compile
[DEBUG]    org.apache.maven.shared:maven-shared-utils:jar:3.4.2:compile
[DEBUG]       org.slf4j:slf4j-api:jar:1.7.36:compile
[DEBUG]       commons-io:commons-io:jar:2.11.0:compile
[DEBUG]    org.apache.maven.shared:maven-shared-incremental:jar:1.1:compile
[DEBUG]    org.codehaus.plexus:plexus-java:jar:1.5.0:compile
[DEBUG]       com.thoughtworks.qdox:qdox:jar:2.2.0:compile
[DEBUG]    org.codehaus.plexus:plexus-compiler-api:jar:2.15.0:compile
[DEBUG]    org.codehaus.plexus:plexus-compiler-manager:jar:2.15.0:compile
[DEBUG]       javax.inject:javax.inject:jar:1:compile
[DEBUG]       org.codehaus.plexus:plexus-xml:jar:3.0.1:compile (version managed from default)
[DEBUG]    org.codehaus.plexus:plexus-compiler-javac:jar:2.15.0:runtime
[DEBUG]    org.codehaus.plexus:plexus-utils:jar:4.0.2:compile
[DEBUG] Created new class realm plugin>org.apache.maven.plugins:maven-compiler-plugin:3.14.1
[DEBUG] Importing foreign packages into class realm plugin>org.apache.maven.plugins:maven-compiler-plugin:3.14.1
[DEBUG]   Imported:  < maven.api
[DEBUG] Populating class realm plugin>org.apache.maven.plugins:maven-compiler-plugin:3.14.1
[DEBUG]   Included: org.apache.maven.plugins:maven-compiler-plugin:jar:3.14.1
[DEBUG]   Included: org.ow2.asm:asm:jar:9.8
[DEBUG]   Included: org.apache.maven.shared:maven-shared-utils:jar:3.4.2
[DEBUG]   Included: commons-io:commons-io:jar:2.11.0
[DEBUG]   Included: org.apache.maven.shared:maven-shared-incremental:jar:1.1
[DEBUG]   Included: org.codehaus.plexus:plexus-java:jar:1.5.0
[DEBUG]   Included: com.thoughtworks.qdox:qdox:jar:2.2.0
[DEBUG]   Included: org.codehaus.plexus:plexus-compiler-api:jar:2.15.0
[DEBUG]   Included: org.codehaus.plexus:plexus-compiler-manager:jar:2.15.0
[DEBUG]   Included: org.codehaus.plexus:plexus-xml:jar:3.0.1
[DEBUG]   Included: org.codehaus.plexus:plexus-compiler-javac:jar:2.15.0
[DEBUG]   Included: org.codehaus.plexus:plexus-utils:jar:4.0.2
[DEBUG] Loading mojo org.apache.maven.plugins:maven-compiler-plugin:3.14.1:compile from plugin realm ClassRealm[plugin>org.apache.maven.plugins:maven-compiler-plugin:3.14.1, parent: jdk.internal.loader.ClassLoaders$AppClassLoader@6bc7c054]
[DEBUG] Configuring mojo execution 'org.apache.maven.plugins:maven-compiler-plugin:3.14.1:compile:default-compile' with basic configurator -->
[DEBUG]   (s) groupId = org.projectlombok
[DEBUG]   (s) artifactId = lombok
[DEBUG]   (f) annotationProcessorPaths = [org.projectlombok:lombok.jar]
[DEBUG]   (f) annotationProcessorPathsUseDepMgmt = false
[DEBUG]   (f) basedir = D:\dev\Projects\codecenter
[DEBUG]   (f) buildDirectory = D:\dev\Projects\codecenter\target
[DEBUG]   (f) compilePath = [D:\dev\Projects\codecenter\target\classes, C:\Users\merit\.m2\repository\org\springframework\boot\spring-boot-starter-web\3.5.16\spring-boot-starter-web-3.5.16.jar, C:\Users\merit\.m2\repository\org\springframework\boot\spring-boot-starter\3.5.16\spring-boot-starter-3.5.16.jar, C:\Users\merit\.m2\repository\org\springframework\boot\spring-boot\3.5.16\spring-boot-3.5.16.jar, C:\Users\merit\.m2\repository\org\springframework\boot\spring-boot-autoconfigure\3.5.16\spring-boot-autoconfigure-3.5.16.jar, C:\Users\merit\.m2\repository\org\springframework\boot\spring-boot-starter-logging\3.5.16\spring-boot-starter-logging-3.5.16.jar, C:\Users\merit\.m2\repository\ch\qos\logback\logback-classic\1.5.34\logback-classic-1.5.34.jar, C:\Users\merit\.m2\repository\ch\qos\logback\logback-core\1.5.34\logback-core-1.5.34.jar, C:\Users\merit\.m2\repository\org\apache\logging\log4j\log4j-to-slf4j\2.24.3\log4j-to-slf4j-2.24.3.jar, C:\Users\merit\.m2\repository\org\apache\logging\log4j\log4j-api\2.24.3\log4j-api-2.24.3.jar, C:\Users\merit\.m2\repository\org\slf4j\jul-to-slf4j\2.0.18\jul-to-slf4j-2.0.18.jar, C:\Users\merit\.m2\repository\jakarta\annotation\jakarta.annotation-api\2.1.1\jakarta.annotation-api-2.1.1.jar, C:\Users\merit\.m2\repository\org\yaml\snakeyaml\2.4\snakeyaml-2.4.jar, C:\Users\merit\.m2\repository\org\springframework\boot\spring-boot-starter-json\3.5.16\spring-boot-starter-json-3.5.16.jar, C:\Users\merit\.m2\repository\com\fasterxml\jackson\core\jackson-databind\2.21.4\jackson-databind-2.21.4.jar, C:\Users\merit\.m2\repository\com\fasterxml\jackson\core\jackson-annotations\2.21\jackson-annotations-2.21.jar, C:\Users\merit\.m2\repository\com\fasterxml\jackson\core\jackson-core\2.21.4\jackson-core-2.21.4.jar, C:\Users\merit\.m2\repository\com\fasterxml\jackson\datatype\jackson-datatype-jdk8\2.21.4\jackson-datatype-jdk8-2.21.4.jar, C:\Users\merit\.m2\repository\com\fasterxml\jackson\datatype\jackson-datatype-jsr310\2.21.4\jackson-datatype-jsr310-2.21.4.jar, C:\Users\merit\.m2\repository\com\fasterxml\jackson\module\jackson-module-parameter-names\2.21.4\jackson-module-parameter-names-2.21.4.jar, C:\Users\merit\.m2\repository\org\springframework\boot\spring-boot-starter-tomcat\3.5.16\spring-boot-starter-tomcat-3.5.16.jar, C:\Users\merit\.m2\repository\org\apache\tomcat\embed\tomcat-embed-core\10.1.55\tomcat-embed-core-10.1.55.jar, C:\Users\merit\.m2\repository\org\apache\tomcat\embed\tomcat-embed-websocket\10.1.55\tomcat-embed-websocket-10.1.55.jar, C:\Users\merit\.m2\repository\org\springframework\spring-web\6.2.19\spring-web-6.2.19.jar, C:\Users\merit\.m2\repository\org\springframework\spring-beans\6.2.19\spring-beans-6.2.19.jar, C:\Users\merit\.m2\repository\org\springframework\spring-webmvc\6.2.19\spring-webmvc-6.2.19.jar, C:\Users\merit\.m2\repository\org\springframework\spring-context\6.2.19\spring-context-6.2.19.jar, C:\Users\merit\.m2\repository\org\springframework\spring-expression\6.2.19\spring-expression-6.2.19.jar, C:\Users\merit\.m2\repository\org\springframework\boot\spring-boot-starter-data-jpa\3.5.16\spring-boot-starter-data-jpa-3.5.16.jar, C:\Users\merit\.m2\repository\org\springframework\boot\spring-boot-starter-jdbc\3.5.16\spring-boot-starter-jdbc-3.5.16.jar, C:\Users\merit\.m2\repository\com\zaxxer\HikariCP\6.3.3\HikariCP-6.3.3.jar, C:\Users\merit\.m2\repository\org\springframework\spring-jdbc\6.2.19\spring-jdbc-6.2.19.jar, C:\Users\merit\.m2\repository\org\hibernate\orm\hibernate-core\6.6.53.Final\hibernate-core-6.6.53.Final.jar, C:\Users\merit\.m2\repository\jakarta\persistence\jakarta.persistence-api\3.1.0\jakarta.persistence-api-3.1.0.jar, C:\Users\merit\.m2\repository\jakarta\transaction\jakarta.transaction-api\2.0.1\jakarta.transaction-api-2.0.1.jar, C:\Users\merit\.m2\repository\org\jboss\logging\jboss-logging\3.6.3.Final\jboss-logging-3.6.3.Final.jar, C:\Users\merit\.m2\repository\com\fasterxml\classmate\1.7.3\classmate-1.7.3.jar, C:\Users\merit\.m2\repository\org\antlr\antlr4-runtime\4.13.2\antlr4-runtime-4.13.2.jar, C:\Users\merit\.m2\repository\org\springframework\data\spring-data-jpa\3.5.13\spring-data-jpa-3.5.13.jar, C:\Users\merit\.m2\repository\org\springframework\data\spring-data-commons\3.5.13\spring-data-commons-3.5.13.jar, C:\Users\merit\.m2\repository\org\springframework\spring-orm\6.2.19\spring-orm-6.2.19.jar, C:\Users\merit\.m2\repository\org\springframework\spring-tx\6.2.19\spring-tx-6.2.19.jar, C:\Users\merit\.m2\repository\org\springframework\spring-aspects\6.2.19\spring-aspects-6.2.19.jar, C:\Users\merit\.m2\repository\org\springframework\boot\spring-boot-starter-data-redis\3.5.16\spring-boot-starter-data-redis-3.5.16.jar, C:\Users\merit\.m2\repository\io\lettuce\lettuce-core\6.6.0.RELEASE\lettuce-core-6.6.0.RELEASE.jar, C:\Users\merit\.m2\repository\redis\clients\authentication\redis-authx-core\0.1.1-beta2\redis-authx-core-0.1.1-beta2.jar, C:\Users\merit\.m2\repository\io\netty\netty-common\4.1.135.Final\netty-common-4.1.135.Final.jar, C:\Users\merit\.m2\repository\io\netty\netty-handler\4.1.135.Final\netty-handler-4.1.135.Final.jar, C:\Users\merit\.m2\repository\io\netty\netty-resolver\4.1.135.Final\netty-resolver-4.1.135.Final.jar, C:\Users\merit\.m2\repository\io\netty\netty-buffer\4.1.135.Final\netty-buffer-4.1.135.Final.jar, C:\Users\merit\.m2\repository\io\netty\netty-transport-native-unix-common\4.1.135.Final\netty-transport-native-unix-common-4.1.135.Final.jar, C:\Users\merit\.m2\repository\io\netty\netty-codec\4.1.135.Final\netty-codec-4.1.135.Final.jar, C:\Users\merit\.m2\repository\io\netty\netty-transport\4.1.135.Final\netty-transport-4.1.135.Final.jar, C:\Users\merit\.m2\repository\io\projectreactor\reactor-core\3.7.19\reactor-core-3.7.19.jar, C:\Users\merit\.m2\repository\org\reactivestreams\reactive-streams\1.0.4\reactive-streams-1.0.4.jar, C:\Users\merit\.m2\repository\org\springframework\data\spring-data-redis\3.5.13\spring-data-redis-3.5.13.jar, C:\Users\merit\.m2\repository\org\springframework\data\spring-data-keyvalue\3.5.13\spring-data-keyvalue-3.5.13.jar, C:\Users\merit\.m2\repository\org\springframework\spring-oxm\6.2.19\spring-oxm-6.2.19.jar, C:\Users\merit\.m2\repository\org\springframework\boot\spring-boot-starter-validation\3.5.16\spring-boot-starter-validation-3.5.16.jar, C:\Users\merit\.m2\repository\org\apache\tomcat\embed\tomcat-embed-el\10.1.55\tomcat-embed-el-10.1.55.jar, C:\Users\merit\.m2\repository\org\hibernate\validator\hibernate-validator\8.0.3.Final\hibernate-validator-8.0.3.Final.jar, C:\Users\merit\.m2\repository\jakarta\validation\jakarta.validation-api\3.0.2\jakarta.validation-api-3.0.2.jar, C:\Users\merit\.m2\repository\org\springframework\boot\spring-boot-starter-actuator\3.5.16\spring-boot-starter-actuator-3.5.16.jar, C:\Users\merit\.m2\repository\org\springframework\boot\spring-boot-actuator-autoconfigure\3.5.16\spring-boot-actuator-autoconfigure-3.5.16.jar, C:\Users\merit\.m2\repository\org\springframework\boot\spring-boot-actuator\3.5.16\spring-boot-actuator-3.5.16.jar, C:\Users\merit\.m2\repository\io\micrometer\micrometer-observation\1.15.12\micrometer-observation-1.15.12.jar, C:\Users\merit\.m2\repository\io\micrometer\micrometer-commons\1.15.12\micrometer-commons-1.15.12.jar, C:\Users\merit\.m2\repository\io\micrometer\micrometer-jakarta9\1.15.12\micrometer-jakarta9-1.15.12.jar, C:\Users\merit\.m2\repository\io\micrometer\micrometer-core\1.15.12\micrometer-core-1.15.12.jar, C:\Users\merit\.m2\repository\org\springframework\boot\spring-boot-starter-aop\3.5.16\spring-boot-starter-aop-3.5.16.jar, C:\Users\merit\.m2\repository\org\springframework\spring-aop\6.2.19\spring-aop-6.2.19.jar, C:\Users\merit\.m2\repository\org\aspectj\aspectjweaver\1.9.25.1\aspectjweaver-1.9.25.1.jar, C:\Users\merit\.m2\repository\org\springframework\boot\spring-boot-starter-cache\3.5.16\spring-boot-starter-cache-3.5.16.jar, C:\Users\merit\.m2\repository\org\springframework\spring-context-support\6.2.19\spring-context-support-6.2.19.jar, C:\Users\merit\.m2\repository\me\ahoo\cosid\cosid-spring-boot-starter\2.9.9\cosid-spring-boot-starter-2.9.9.jar, C:\Users\merit\.m2\repository\me\ahoo\cosid\cosid-core\2.9.9\cosid-core-2.9.9.jar, C:\Users\merit\.m2\repository\org\slf4j\slf4j-api\2.0.18\slf4j-api-2.0.18.jar, C:\Users\merit\.m2\repository\me\ahoo\cosid\cosid-jdbc\2.9.9\cosid-jdbc-2.9.9.jar, C:\Users\merit\.m2\repository\com\googlecode\aviator\aviator\5.3.0\aviator-5.3.0.jar, C:\Users\merit\.m2\repository\org\apache\groovy\groovy\4.0.32\groovy-4.0.32.jar, C:\Users\merit\.m2\repository\com\github\ben-manes\caffeine\caffeine\3.2.4\caffeine-3.2.4.jar, C:\Users\merit\.m2\repository\org\jspecify\jspecify\1.0.0\jspecify-1.0.0.jar, C:\Users\merit\.m2\repository\com\google\errorprone\error_prone_annotations\2.49.0\error_prone_annotations-2.49.0.jar, C:\Users\merit\.m2\repository\cn\hutool\hutool-all\5.8.40\hutool-all-5.8.40.jar, C:\Users\merit\.m2\repository\io\micrometer\micrometer-tracing-bridge-brave\1.5.12\micrometer-tracing-bridge-brave-1.5.12.jar, C:\Users\merit\.m2\repository\io\micrometer\micrometer-tracing\1.5.12\micrometer-tracing-1.5.12.jar, C:\Users\merit\.m2\repository\io\micrometer\context-propagation\1.1.4\context-propagation-1.1.4.jar, C:\Users\merit\.m2\repository\aopalliance\aopalliance\1.0\aopalliance-1.0.jar, C:\Users\merit\.m2\repository\io\zipkin\brave\brave\6.1.0\brave-6.1.0.jar, C:\Users\merit\.m2\repository\io\zipkin\brave\brave-context-slf4j\6.1.0\brave-context-slf4j-6.1.0.jar, C:\Users\merit\.m2\repository\io\zipkin\brave\brave-instrumentation-http\6.1.0\brave-instrumentation-http-6.1.0.jar, C:\Users\merit\.m2\repository\io\zipkin\aws\brave-propagation-aws\1.3.0\brave-propagation-aws-1.3.0.jar, C:\Users\merit\.m2\repository\io\zipkin\contrib\brave-propagation-w3c\brave-propagation-tracecontext\0.2.0\brave-propagation-tracecontext-0.2.0.jar, C:\Users\merit\.m2\repository\io\zipkin\reporter2\zipkin-reporter-brave\3.5.3\zipkin-reporter-brave-3.5.3.jar, C:\Users\merit\.m2\repository\io\zipkin\reporter2\zipkin-reporter\3.5.3\zipkin-reporter-3.5.3.jar, C:\Users\merit\.m2\repository\org\springdoc\springdoc-openapi-starter-webmvc-ui\2.6.0\springdoc-openapi-starter-webmvc-ui-2.6.0.jar, C:\Users\merit\.m2\repository\org\springdoc\springdoc-openapi-starter-webmvc-api\2.6.0\springdoc-openapi-starter-webmvc-api-2.6.0.jar, C:\Users\merit\.m2\repository\org\springdoc\springdoc-openapi-starter-common\2.6.0\springdoc-openapi-starter-common-2.6.0.jar, C:\Users\merit\.m2\repository\io\swagger\core\v3\swagger-core-jakarta\2.2.22\swagger-core-jakarta-2.2.22.jar, C:\Users\merit\.m2\repository\org\apache\commons\commons-lang3\3.17.0\commons-lang3-3.17.0.jar, C:\Users\merit\.m2\repository\io\swagger\core\v3\swagger-annotations-jakarta\2.2.22\swagger-annotations-jakarta-2.2.22.jar, C:\Users\merit\.m2\repository\io\swagger\core\v3\swagger-models-jakarta\2.2.22\swagger-models-jakarta-2.2.22.jar, C:\Users\merit\.m2\repository\com\fasterxml\jackson\dataformat\jackson-dataformat-yaml\2.21.4\jackson-dataformat-yaml-2.21.4.jar, C:\Users\merit\.m2\repository\org\webjars\swagger-ui\5.17.14\swagger-ui-5.17.14.jar, C:\Users\merit\.m2\repository\org\projectlombok\lombok\1.18.46\lombok-1.18.46.jar, C:\Users\merit\.m2\repository\jakarta\xml\bind\jakarta.xml.bind-api\4.0.5\jakarta.xml.bind-api-4.0.5.jar, C:\Users\merit\.m2\repository\jakarta\activation\jakarta.activation-api\2.1.4\jakarta.activation-api-2.1.4.jar, C:\Users\merit\.m2\repository\org\springframework\spring-core\6.2.19\spring-core-6.2.19.jar, C:\Users\merit\.m2\repository\org\springframework\spring-jcl\6.2.19\spring-jcl-6.2.19.jar]
[DEBUG]   (f) compileSourceRoots = [D:\dev\Projects\codecenter\src\main\java]
[DEBUG]   (f) compilerId = javac
[DEBUG]   (f) createMissingPackageInfoClass = true
[DEBUG]   (f) debug = true
[DEBUG]   (f) debugFileName = javac
[DEBUG]   (f) enablePreview = false
[DEBUG]   (f) encoding = UTF-8
[DEBUG]   (f) failOnError = true
[DEBUG]   (f) failOnWarning = false
[DEBUG]   (f) fileExtensions = [jar, class]
[DEBUG]   (f) forceJavacCompilerUse = false
[DEBUG]   (f) forceLegacyJavacApi = false
[DEBUG]   (f) fork = false
[DEBUG]   (f) generatedSourcesDirectory = D:\dev\Projects\codecenter\target\generated-sources\annotations
[DEBUG]   (f) moduleVersion = 0.1.0
[DEBUG]   (f) mojoExecution = org.apache.maven.plugins:maven-compiler-plugin:3.14.1:compile {execution: default-compile}
[DEBUG]   (f) optimize = false
[DEBUG]   (f) outputDirectory = D:\dev\Projects\codecenter\target\classes
[DEBUG]   (f) parameters = true
[DEBUG]   (f) project = MavenProject: com.meritdata.mdm:codecenter:0.1.0 @ D:\dev\Projects\codecenter\pom.xml
[DEBUG]   (f) projectArtifact = com.meritdata.mdm:codecenter:jar:0.1.0
[DEBUG]   (s) release = 21
[DEBUG]   (f) session = org.apache.maven.execution.MavenSession@338b49d3
[DEBUG]   (f) showCompilationChanges = false
[DEBUG]   (f) showDeprecation = false
[DEBUG]   (f) showWarnings = true
[DEBUG]   (f) skipMultiThreadWarning = false
[DEBUG]   (f) source = 1.8
[DEBUG]   (f) staleMillis = 0
[DEBUG]   (s) target = 1.8
[DEBUG]   (f) useIncrementalCompilation = true
[DEBUG]   (f) useModuleVersion = true
[DEBUG]   (f) verbose = false
[DEBUG] -- end configuration --
[DEBUG] Using compiler 'javac'.
[DEBUG] Dependency collection stats {ConflictMarker.analyzeTime=25900, ConflictMarker.markTime=13800, ConflictMarker.nodeCount=2, ConflictIdSorter.graphTime=2300, ConflictIdSorter.topsortTime=6000, ConflictIdSorter.conflictIdCount=1, ConflictIdSorter.conflictIdCycleCount=0, ConflictResolver.totalTime=40900, ConflictResolver.conflictItemCount=1, DfDependencyCollector.collectTime=2013200, DfDependencyCollector.transformTime=103000}
[DEBUG] CompilerReuseStrategy: reuseCreated
[DEBUG] useIncrementalCompilation enabled
[INFO] 	Stale source detected: D:\dev\Projects\codecenter\src\main\java\com\meritdata\mdm\codecenter\domain\enums\SegmentType.java
[INFO] 	Stale source detected: D:\dev\Projects\codecenter\src\main\java\com\meritdata\mdm\codecenter\common\api\PageRequest.java
[INFO] 	Stale source detected: D:\dev\Projects\codecenter\src\main\java\com\meritdata\mdm\codecenter\infrastructure\cosid\CosIdGenerator.java
[INFO] 	Stale source detected: D:\dev\Projects\codecenter\src\main\java\com\meritdata\mdm\codecenter\infrastructure\dsl\DslEngine.java
[INFO] 	Stale source detected: D:\dev\Projects\codecenter\src\main\java\com\meritdata\mdm\codecenter\infrastructure\segment\ReferenceSeqSegmentProcessor.java
[INFO] 	Stale source detected: D:\dev\Projects\codecenter\src\main\java\com\meritdata\mdm\codecenter\infrastructure\segment\DateSegmentProcessor.java
[INFO] 	Stale source detected: D:\dev\Projects\codecenter\src\main\java\com\meritdata\mdm\codecenter\application\service\AuditLogService.java
[INFO] 	Stale source detected: D:\dev\Projects\codecenter\src\main\java\com\meritdata\mdm\codecenter\domain\entity\CodeAllocation.java
[INFO] 	Stale source detected: D:\dev\Projects\codecenter\src\main\java\com\meritdata\mdm\codecenter\domain\entity\CodeRule.java
[INFO] 	Stale source detected: D:\dev\Projects\codecenter\src\main\java\com\meritdata\mdm\codecenter\common\api\ApiResponse.java
[INFO] 	Stale source detected: D:\dev\Projects\codecenter\src\main\java\com\meritdata\mdm\codecenter\application\service\RecycleStrategyService.java
[INFO] 	Stale source detected: D:\dev\Projects\codecenter\src\main\java\com\meritdata\mdm\codecenter\presentation\controller\CodeRuleController.java
[INFO] 	Stale source detected: D:\dev\Projects\codecenter\src\main\java\com\meritdata\mdm\codecenter\domain\enums\ModelStatus.java
[INFO] 	Stale source detected: D:\dev\Projects\codecenter\src\main\java\com\meritdata\mdm\codecenter\domain\repository\ThemeDomainRepository.java
[INFO] 	Stale source detected: D:\dev\Projects\codecenter\src\main\java\com\meritdata\mdm\codecenter\application\service\CodeGenerateService.java
[INFO] 	Stale source detected: D:\dev\Projects\codecenter\src\main\java\com\meritdata\mdm\codecenter\domain\entity\CodeWaterMark.java
[INFO] 	Stale source detected: D:\dev\Projects\codecenter\src\main\java\com\meritdata\mdm\codecenter\infrastructure\segment\EigenvalueSegmentProcessor.java
[INFO] 	Stale source detected: D:\dev\Projects\codecenter\src\main\java\com\meritdata\mdm\codecenter\application\dto\ModelRequest.java
[INFO] 	Stale source detected: D:\dev\Projects\codecenter\src\main\java\com\meritdata\mdm\codecenter\infrastructure\segment\SegmentProcessor.java
[INFO] 	Stale source detected: D:\dev\Projects\codecenter\src\main\java\com\meritdata\mdm\codecenter\infrastructure\dsl\GroovyScriptEngine.java
[INFO] 	Stale source detected: D:\dev\Projects\codecenter\src\main\java\com\meritdata\mdm\codecenter\domain\repository\ModelRepository.java
[INFO] 	Stale source detected: D:\dev\Projects\codecenter\src\main\java\com\meritdata\mdm\codecenter\domain\enums\RecycleStrategy.java
[INFO] 	Stale source detected: D:\dev\Projects\codecenter\src\main\java\com\meritdata\mdm\codecenter\domain\valueobject\config\EigenvalueConfig.java
[INFO] 	Stale source detected: D:\dev\Projects\codecenter\src\main\java\com\meritdata\mdm\codecenter\domain\entity\Model.java
[INFO] 	Stale source detected: D:\dev\Projects\codecenter\src\main\java\com\meritdata\mdm\codecenter\domain\valueobject\config\ReferenceConfig.java
[INFO] 	Stale source detected: D:\dev\Projects\codecenter\src\main\java\com\meritdata\mdm\codecenter\common\util\IdUtil.java
[INFO] 	Stale source detected: D:\dev\Projects\codecenter\src\main\java\com\meritdata\mdm\codecenter\domain\repository\CodeWaterMarkRepository.java
[INFO] 	Stale source detected: D:\dev\Projects\codecenter\src\main\java\com\meritdata\mdm\codecenter\domain\valueobject\FormatTemplate.java
[INFO] 	Stale source detected: D:\dev\Projects\codecenter\src\main\java\com\meritdata\mdm\codecenter\presentation\exception\GlobalExceptionHandler.java
[INFO] 	Stale source detected: D:\dev\Projects\codecenter\src\main\java\com\meritdata\mdm\codecenter\application\service\ModelPublishService.java
[INFO] 	Stale source detected: D:\dev\Projects\codecenter\src\main\java\com\meritdata\mdm\codecenter\domain\valueobject\config\ReferenceSeqConfig.java
[INFO] 	Stale source detected: D:\dev\Projects\codecenter\src\main\java\com\meritdata\mdm\codecenter\domain\repository\ModelAuditLogRepository.java
[INFO] 	Stale source detected: D:\dev\Projects\codecenter\src\main\java\com\meritdata\mdm\codecenter\domain\valueobject\config\FixedConfig.java
[INFO] 	Stale source detected: D:\dev\Projects\codecenter\src\main\java\com\meritdata\mdm\codecenter\application\dto\CodeGenerateRequest.java
[INFO] 	Stale source detected: D:\dev\Projects\codecenter\src\main\java\com\meritdata\mdm\codecenter\presentation\controller\ThemeDomainController.java
[INFO] 	Stale source detected: D:\dev\Projects\codecenter\src\main\java\com\meritdata\mdm\codecenter\domain\valueobject\config\DateConfig.java
[INFO] 	Stale source detected: D:\dev\Projects\codecenter\src\main\java\com\meritdata\mdm\codecenter\infrastructure\sequence\SequenceGenerator.java
[INFO] 	Stale source detected: D:\dev\Projects\codecenter\src\main\java\com\meritdata\mdm\codecenter\infrastructure\segment\ReferenceSegmentProcessor.java
[INFO] 	Stale source detected: D:\dev\Projects\codecenter\src\main\java\com\meritdata\mdm\codecenter\domain\valueobject\config\SequenceConfig.java
[INFO] 	Stale source detected: D:\dev\Projects\codecenter\src\main\java\com\meritdata\mdm\codecenter\domain\entity\ThemeDomain.java
[INFO] 	Stale source detected: D:\dev\Projects\codecenter\src\main\java\com\meritdata\mdm\codecenter\domain\repository\CodeRuleRepository.java
[INFO] 	Stale source detected: D:\dev\Projects\codecenter\src\main\java\com\meritdata\mdm\codecenter\domain\repository\ModelAttributeRepository.java
[INFO] 	Stale source detected: D:\dev\Projects\codecenter\src\main\java\com\meritdata\mdm\codecenter\application\dto\CodeGenerateResponse.java
[INFO] 	Stale source detected: D:\dev\Projects\codecenter\src\main\java\com\meritdata\mdm\codecenter\infrastructure\cosid\CosIdSequenceGeneratorAdapter.java
[INFO] 	Stale source detected: D:\dev\Projects\codecenter\src\main\java\com\meritdata\mdm\codecenter\application\service\ModelService.java
[INFO] 	Stale source detected: D:\dev\Projects\codecenter\src\main\java\com\meritdata\mdm\codecenter\domain\enums\RuleStatus.java
[INFO] 	Stale source detected: D:\dev\Projects\codecenter\src\main\java\com\meritdata\mdm\codecenter\presentation\controller\ModelController.java
[INFO] 	Stale source detected: D:\dev\Projects\codecenter\src\main\java\com\meritdata\mdm\codecenter\application\dto\BatchCodeGenerateRequest.java
[INFO] 	Stale source detected: D:\dev\Projects\codecenter\src\main\java\com\meritdata\mdm\codecenter\presentation\controller\HealthController.java
[INFO] 	Stale source detected: D:\dev\Projects\codecenter\src\main\java\com\meritdata\mdm\codecenter\common\api\PageResponse.java
[INFO] 	Stale source detected: D:\dev\Projects\codecenter\src\main\java\com\meritdata\mdm\codecenter\application\service\ModelAttributeService.java
[INFO] 	Stale source detected: D:\dev\Projects\codecenter\src\main\java\com\meritdata\mdm\codecenter\domain\entity\CodeSegment.java
[INFO] 	Stale source detected: D:\dev\Projects\codecenter\src\main\java\com\meritdata\mdm\codecenter\domain\repository\CodeRuleSegmentRepository.java
[INFO] 	Stale source detected: D:\dev\Projects\codecenter\src\main\java\com\meritdata\mdm\codecenter\application\dto\ModelAttributeRequest.java
[INFO] 	Stale source detected: D:\dev\Projects\codecenter\src\main\java\com\meritdata\mdm\codecenter\domain\enums\AllocationStatus.java
[INFO] 	Stale source detected: D:\dev\Projects\codecenter\src\main\java\com\meritdata\mdm\codecenter\infrastructure\segment\SegmentProcessorRegistry.java
[INFO] 	Stale source detected: D:\dev\Projects\codecenter\src\main\java\com\meritdata\mdm\codecenter\domain\enums\ModelType.java
[INFO] 	Stale source detected: D:\dev\Projects\codecenter\src\main\java\com\meritdata\mdm\codecenter\domain\enums\RuleMode.java
[INFO] 	Stale source detected: D:\dev\Projects\codecenter\src\main\java\com\meritdata\mdm\codecenter\domain\enums\SerialStrategy.java
[INFO] 	Stale source detected: D:\dev\Projects\codecenter\src\main\java\com\meritdata\mdm\codecenter\domain\valueobject\config\SegmentTypeConfig.java
[INFO] 	Stale source detected: D:\dev\Projects\codecenter\src\main\java\com\meritdata\mdm\codecenter\infrastructure\segment\SegmentResult.java
[INFO] 	Stale source detected: D:\dev\Projects\codecenter\src\main\java\com\meritdata\mdm\codecenter\application\dto\CodeRuleRequest.java
[INFO] 	Stale source detected: D:\dev\Projects\codecenter\src\main\java\com\meritdata\mdm\codecenter\infrastructure\segment\SegmentContext.java
[INFO] 	Stale source detected: D:\dev\Projects\codecenter\src\main\java\com\meritdata\mdm\codecenter\domain\enums\GenerateTrigger.java
[INFO] 	Stale source detected: D:\dev\Projects\codecenter\src\main\java\com\meritdata\mdm\codecenter\application\service\ThemeDomainService.java
[INFO] 	Stale source detected: D:\dev\Projects\codecenter\src\main\java\com\meritdata\mdm\codecenter\presentation\controller\CodeController.java
[INFO] 	Stale source detected: D:\dev\Projects\codecenter\src\main\java\com\meritdata\mdm\codecenter\domain\repository\CodeSegmentRepository.java
[INFO] 	Stale source detected: D:\dev\Projects\codecenter\src\main\java\com\meritdata\mdm\codecenter\CodecenterApplication.java
[INFO] 	Stale source detected: D:\dev\Projects\codecenter\src\main\java\com\meritdata\mdm\codecenter\presentation\controller\CodeSegmentController.java
[INFO] 	Stale source detected: D:\dev\Projects\codecenter\src\main\java\com\meritdata\mdm\codecenter\domain\entity\ModelAuditLog.java
[INFO] 	Stale source detected: D:\dev\Projects\codecenter\src\main\java\com\meritdata\mdm\codecenter\domain\repository\CodeAllocationRepository.java
[INFO] 	Stale source detected: D:\dev\Projects\codecenter\src\main\java\com\meritdata\mdm\codecenter\application\dto\CodeSegmentRequest.java
[INFO] 	Stale source detected: D:\dev\Projects\codecenter\src\main\java\com\meritdata\mdm\codecenter\infrastructure\segment\SequenceSegmentProcessor.java
[INFO] 	Stale source detected: D:\dev\Projects\codecenter\src\main\java\com\meritdata\mdm\codecenter\application\service\WaterMarkService.java
[INFO] 	Stale source detected: D:\dev\Projects\codecenter\src\main\java\com\meritdata\mdm\codecenter\infrastructure\dbscript\PhysicalTablePublisher.java
[INFO] 	Stale source detected: D:\dev\Projects\codecenter\src\main\java\com\meritdata\mdm\codecenter\infrastructure\dedup\CodeDedupService.java
[INFO] 	Stale source detected: D:\dev\Projects\codecenter\src\main\java\com\meritdata\mdm\codecenter\common\exception\BizException.java
[INFO] 	Stale source detected: D:\dev\Projects\codecenter\src\main\java\com\meritdata\mdm\codecenter\domain\entity\CodeRuleSegment.java
[INFO] 	Stale source detected: D:\dev\Projects\codecenter\src\main\java\com\meritdata\mdm\codecenter\application\service\LifecycleService.java
[INFO] 	Stale source detected: D:\dev\Projects\codecenter\src\main\java\com\meritdata\mdm\codecenter\application\service\CodeSegmentService.java
[INFO] 	Stale source detected: D:\dev\Projects\codecenter\src\main\java\com\meritdata\mdm\codecenter\infrastructure\segment\FixedSegmentProcessor.java
[INFO] 	Stale source detected: D:\dev\Projects\codecenter\src\main\java\com\meritdata\mdm\codecenter\application\dto\ThemeDomainRequest.java
[INFO] 	Stale source detected: D:\dev\Projects\codecenter\src\main\java\com\meritdata\mdm\codecenter\domain\enums\WasteType.java
[INFO] 	Stale source detected: D:\dev\Projects\codecenter\src\main\java\com\meritdata\mdm\codecenter\application\service\CodeRuleService.java
[INFO] 	Stale source detected: D:\dev\Projects\codecenter\src\main\java\com\meritdata\mdm\codecenter\domain\entity\ModelAttribute.java
[INFO] 	Input tree files (+): D:\dev\Projects\codecenter\src\main\java\com\meritdata\mdm\codecenter\CodecenterApplication.java
[INFO] 	Input tree files (+): D:\dev\Projects\codecenter\src\main\java\com\meritdata\mdm\codecenter\application\dto\BatchCodeGenerateRequest.java
[INFO] 	Input tree files (+): D:\dev\Projects\codecenter\src\main\java\com\meritdata\mdm\codecenter\application\dto\CodeGenerateRequest.java
[INFO] 	Input tree files (+): D:\dev\Projects\codecenter\src\main\java\com\meritdata\mdm\codecenter\application\dto\CodeGenerateResponse.java
[INFO] 	Input tree files (+): D:\dev\Projects\codecenter\src\main\java\com\meritdata\mdm\codecenter\application\dto\CodeRuleRequest.java
[INFO] 	Input tree files (+): D:\dev\Projects\codecenter\src\main\java\com\meritdata\mdm\codecenter\application\dto\CodeSegmentRequest.java
[INFO] 	Input tree files (+): D:\dev\Projects\codecenter\src\main\java\com\meritdata\mdm\codecenter\application\dto\ModelAttributeRequest.java
[INFO] 	Input tree files (+): D:\dev\Projects\codecenter\src\main\java\com\meritdata\mdm\codecenter\application\dto\ModelRequest.java
[INFO] 	Input tree files (+): D:\dev\Projects\codecenter\src\main\java\com\meritdata\mdm\codecenter\application\dto\ThemeDomainRequest.java
[INFO] 	Input tree files (+): D:\dev\Projects\codecenter\src\main\java\com\meritdata\mdm\codecenter\application\service\AuditLogService.java
[INFO] 	Input tree files (+): D:\dev\Projects\codecenter\src\main\java\com\meritdata\mdm\codecenter\application\service\CodeGenerateService.java
[INFO] 	Input tree files (+): D:\dev\Projects\codecenter\src\main\java\com\meritdata\mdm\codecenter\application\service\CodeRuleService.java
[INFO] 	Input tree files (+): D:\dev\Projects\codecenter\src\main\java\com\meritdata\mdm\codecenter\application\service\CodeSegmentService.java
[INFO] 	Input tree files (+): D:\dev\Projects\codecenter\src\main\java\com\meritdata\mdm\codecenter\application\service\LifecycleService.java
[INFO] 	Input tree files (+): D:\dev\Projects\codecenter\src\main\java\com\meritdata\mdm\codecenter\application\service\ModelAttributeService.java
[INFO] 	Input tree files (+): D:\dev\Projects\codecenter\src\main\java\com\meritdata\mdm\codecenter\application\service\ModelPublishService.java
[INFO] 	Input tree files (+): D:\dev\Projects\codecenter\src\main\java\com\meritdata\mdm\codecenter\application\service\ModelService.java
[INFO] 	Input tree files (+): D:\dev\Projects\codecenter\src\main\java\com\meritdata\mdm\codecenter\application\service\RecycleStrategyService.java
[INFO] 	Input tree files (+): D:\dev\Projects\codecenter\src\main\java\com\meritdata\mdm\codecenter\application\service\ThemeDomainService.java
[INFO] 	Input tree files (+): D:\dev\Projects\codecenter\src\main\java\com\meritdata\mdm\codecenter\application\service\WaterMarkService.java
[INFO] 	Input tree files (+): D:\dev\Projects\codecenter\src\main\java\com\meritdata\mdm\codecenter\common\api\ApiResponse.java
[INFO] 	Input tree files (+): D:\dev\Projects\codecenter\src\main\java\com\meritdata\mdm\codecenter\common\api\PageRequest.java
[INFO] 	Input tree files (+): D:\dev\Projects\codecenter\src\main\java\com\meritdata\mdm\codecenter\common\api\PageResponse.java
[INFO] 	Input tree files (+): D:\dev\Projects\codecenter\src\main\java\com\meritdata\mdm\codecenter\common\exception\BizException.java
[INFO] 	Input tree files (+): D:\dev\Projects\codecenter\src\main\java\com\meritdata\mdm\codecenter\common\util\IdUtil.java
[INFO] 	Input tree files (+): D:\dev\Projects\codecenter\src\main\java\com\meritdata\mdm\codecenter\domain\entity\CodeAllocation.java
[INFO] 	Input tree files (+): D:\dev\Projects\codecenter\src\main\java\com\meritdata\mdm\codecenter\domain\entity\CodeRule.java
[INFO] 	Input tree files (+): D:\dev\Projects\codecenter\src\main\java\com\meritdata\mdm\codecenter\domain\entity\CodeRuleSegment.java
[INFO] 	Input tree files (+): D:\dev\Projects\codecenter\src\main\java\com\meritdata\mdm\codecenter\domain\entity\CodeSegment.java
[INFO] 	Input tree files (+): D:\dev\Projects\codecenter\src\main\java\com\meritdata\mdm\codecenter\domain\entity\CodeWaterMark.java
[INFO] 	Input tree files (+): D:\dev\Projects\codecenter\src\main\java\com\meritdata\mdm\codecenter\domain\entity\Model.java
[INFO] 	Input tree files (+): D:\dev\Projects\codecenter\src\main\java\com\meritdata\mdm\codecenter\domain\entity\ModelAttribute.java
[INFO] 	Input tree files (+): D:\dev\Projects\codecenter\src\main\java\com\meritdata\mdm\codecenter\domain\entity\ModelAuditLog.java
[INFO] 	Input tree files (+): D:\dev\Projects\codecenter\src\main\java\com\meritdata\mdm\codecenter\domain\entity\ThemeDomain.java
[INFO] 	Input tree files (+): D:\dev\Projects\codecenter\src\main\java\com\meritdata\mdm\codecenter\domain\enums\AllocationStatus.java
[INFO] 	Input tree files (+): D:\dev\Projects\codecenter\src\main\java\com\meritdata\mdm\codecenter\domain\enums\GenerateTrigger.java
[INFO] 	Input tree files (+): D:\dev\Projects\codecenter\src\main\java\com\meritdata\mdm\codecenter\domain\enums\ModelStatus.java
[INFO] 	Input tree files (+): D:\dev\Projects\codecenter\src\main\java\com\meritdata\mdm\codecenter\domain\enums\ModelType.java
[INFO] 	Input tree files (+): D:\dev\Projects\codecenter\src\main\java\com\meritdata\mdm\codecenter\domain\enums\RecycleStrategy.java
[INFO] 	Input tree files (+): D:\dev\Projects\codecenter\src\main\java\com\meritdata\mdm\codecenter\domain\enums\RuleMode.java
[INFO] 	Input tree files (+): D:\dev\Projects\codecenter\src\main\java\com\meritdata\mdm\codecenter\domain\enums\RuleStatus.java
[INFO] 	Input tree files (+): D:\dev\Projects\codecenter\src\main\java\com\meritdata\mdm\codecenter\domain\enums\SegmentType.java
[INFO] 	Input tree files (+): D:\dev\Projects\codecenter\src\main\java\com\meritdata\mdm\codecenter\domain\enums\SerialStrategy.java
[INFO] 	Input tree files (+): D:\dev\Projects\codecenter\src\main\java\com\meritdata\mdm\codecenter\domain\enums\WasteType.java
[INFO] 	Input tree files (+): D:\dev\Projects\codecenter\src\main\java\com\meritdata\mdm\codecenter\domain\repository\CodeAllocationRepository.java
[INFO] 	Input tree files (+): D:\dev\Projects\codecenter\src\main\java\com\meritdata\mdm\codecenter\domain\repository\CodeRuleRepository.java
[INFO] 	Input tree files (+): D:\dev\Projects\codecenter\src\main\java\com\meritdata\mdm\codecenter\domain\repository\CodeRuleSegmentRepository.java
[INFO] 	Input tree files (+): D:\dev\Projects\codecenter\src\main\java\com\meritdata\mdm\codecenter\domain\repository\CodeSegmentRepository.java
[INFO] 	Input tree files (+): D:\dev\Projects\codecenter\src\main\java\com\meritdata\mdm\codecenter\domain\repository\CodeWaterMarkRepository.java
[INFO] 	Input tree files (+): D:\dev\Projects\codecenter\src\main\java\com\meritdata\mdm\codecenter\domain\repository\ModelAttributeRepository.java
[INFO] 	Input tree files (+): D:\dev\Projects\codecenter\src\main\java\com\meritdata\mdm\codecenter\domain\repository\ModelAuditLogRepository.java
[INFO] 	Input tree files (+): D:\dev\Projects\codecenter\src\main\java\com\meritdata\mdm\codecenter\domain\repository\ModelRepository.java
[INFO] 	Input tree files (+): D:\dev\Projects\codecenter\src\main\java\com\meritdata\mdm\codecenter\domain\repository\ThemeDomainRepository.java
[INFO] 	Input tree files (+): D:\dev\Projects\codecenter\src\main\java\com\meritdata\mdm\codecenter\domain\valueobject\FormatTemplate.java
[INFO] 	Input tree files (+): D:\dev\Projects\codecenter\src\main\java\com\meritdata\mdm\codecenter\domain\valueobject\config\DateConfig.java
[INFO] 	Input tree files (+): D:\dev\Projects\codecenter\src\main\java\com\meritdata\mdm\codecenter\domain\valueobject\config\EigenvalueConfig.java
[INFO] 	Input tree files (+): D:\dev\Projects\codecenter\src\main\java\com\meritdata\mdm\codecenter\domain\valueobject\config\FixedConfig.java
[INFO] 	Input tree files (+): D:\dev\Projects\codecenter\src\main\java\com\meritdata\mdm\codecenter\domain\valueobject\config\ReferenceConfig.java
[INFO] 	Input tree files (+): D:\dev\Projects\codecenter\src\main\java\com\meritdata\mdm\codecenter\domain\valueobject\config\ReferenceSeqConfig.java
[INFO] 	Input tree files (+): D:\dev\Projects\codecenter\src\main\java\com\meritdata\mdm\codecenter\domain\valueobject\config\SegmentTypeConfig.java
[INFO] 	Input tree files (+): D:\dev\Projects\codecenter\src\main\java\com\meritdata\mdm\codecenter\domain\valueobject\config\SequenceConfig.java
[INFO] 	Input tree files (+): D:\dev\Projects\codecenter\src\main\java\com\meritdata\mdm\codecenter\infrastructure\cosid\CosIdGenerator.java
[INFO] 	Input tree files (+): D:\dev\Projects\codecenter\src\main\java\com\meritdata\mdm\codecenter\infrastructure\cosid\CosIdSequenceGeneratorAdapter.java
[INFO] 	Input tree files (+): D:\dev\Projects\codecenter\src\main\java\com\meritdata\mdm\codecenter\infrastructure\dbscript\PhysicalTablePublisher.java
[INFO] 	Input tree files (+): D:\dev\Projects\codecenter\src\main\java\com\meritdata\mdm\codecenter\infrastructure\dedup\CodeDedupService.java
[INFO] 	Input tree files (+): D:\dev\Projects\codecenter\src\main\java\com\meritdata\mdm\codecenter\infrastructure\dsl\DslEngine.java
[INFO] 	Input tree files (+): D:\dev\Projects\codecenter\src\main\java\com\meritdata\mdm\codecenter\infrastructure\dsl\GroovyScriptEngine.java
[INFO] 	Input tree files (+): D:\dev\Projects\codecenter\src\main\java\com\meritdata\mdm\codecenter\infrastructure\segment\DateSegmentProcessor.java
[INFO] 	Input tree files (+): D:\dev\Projects\codecenter\src\main\java\com\meritdata\mdm\codecenter\infrastructure\segment\EigenvalueSegmentProcessor.java
[INFO] 	Input tree files (+): D:\dev\Projects\codecenter\src\main\java\com\meritdata\mdm\codecenter\infrastructure\segment\FixedSegmentProcessor.java
[INFO] 	Input tree files (+): D:\dev\Projects\codecenter\src\main\java\com\meritdata\mdm\codecenter\infrastructure\segment\ReferenceSegmentProcessor.java
[INFO] 	Input tree files (+): D:\dev\Projects\codecenter\src\main\java\com\meritdata\mdm\codecenter\infrastructure\segment\ReferenceSeqSegmentProcessor.java
[INFO] 	Input tree files (+): D:\dev\Projects\codecenter\src\main\java\com\meritdata\mdm\codecenter\infrastructure\segment\SegmentContext.java
[INFO] 	Input tree files (+): D:\dev\Projects\codecenter\src\main\java\com\meritdata\mdm\codecenter\infrastructure\segment\SegmentProcessor.java
[INFO] 	Input tree files (+): D:\dev\Projects\codecenter\src\main\java\com\meritdata\mdm\codecenter\infrastructure\segment\SegmentProcessorRegistry.java
[INFO] 	Input tree files (+): D:\dev\Projects\codecenter\src\main\java\com\meritdata\mdm\codecenter\infrastructure\segment\SegmentResult.java
[INFO] 	Input tree files (+): D:\dev\Projects\codecenter\src\main\java\com\meritdata\mdm\codecenter\infrastructure\segment\SequenceSegmentProcessor.java
[INFO] 	Input tree files (+): D:\dev\Projects\codecenter\src\main\java\com\meritdata\mdm\codecenter\infrastructure\sequence\SequenceGenerator.java
[INFO] 	Input tree files (+): D:\dev\Projects\codecenter\src\main\java\com\meritdata\mdm\codecenter\presentation\controller\CodeController.java
[INFO] 	Input tree files (+): D:\dev\Projects\codecenter\src\main\java\com\meritdata\mdm\codecenter\presentation\controller\CodeRuleController.java
[INFO] 	Input tree files (+): D:\dev\Projects\codecenter\src\main\java\com\meritdata\mdm\codecenter\presentation\controller\CodeSegmentController.java
[INFO] 	Input tree files (+): D:\dev\Projects\codecenter\src\main\java\com\meritdata\mdm\codecenter\presentation\controller\HealthController.java
[INFO] 	Input tree files (+): D:\dev\Projects\codecenter\src\main\java\com\meritdata\mdm\codecenter\presentation\controller\ModelController.java
[INFO] 	Input tree files (+): D:\dev\Projects\codecenter\src\main\java\com\meritdata\mdm\codecenter\presentation\controller\ThemeDomainController.java
[INFO] 	Input tree files (+): D:\dev\Projects\codecenter\src\main\java\com\meritdata\mdm\codecenter\presentation\exception\GlobalExceptionHandler.java
[INFO] Recompiling the module because of changed source code.
[DEBUG] Classpath:
[DEBUG]  D:\dev\Projects\codecenter\target\classes
[DEBUG]  C:\Users\merit\.m2\repository\org\springframework\boot\spring-boot-starter-web\3.5.16\spring-boot-starter-web-3.5.16.jar
[DEBUG]  C:\Users\merit\.m2\repository\org\springframework\boot\spring-boot-starter\3.5.16\spring-boot-starter-3.5.16.jar
[DEBUG]  C:\Users\merit\.m2\repository\org\springframework\boot\spring-boot\3.5.16\spring-boot-3.5.16.jar
[DEBUG]  C:\Users\merit\.m2\repository\org\springframework\boot\spring-boot-autoconfigure\3.5.16\spring-boot-autoconfigure-3.5.16.jar
[DEBUG]  C:\Users\merit\.m2\repository\org\springframework\boot\spring-boot-starter-logging\3.5.16\spring-boot-starter-logging-3.5.16.jar
[DEBUG]  C:\Users\merit\.m2\repository\ch\qos\logback\logback-classic\1.5.34\logback-classic-1.5.34.jar
[DEBUG]  C:\Users\merit\.m2\repository\ch\qos\logback\logback-core\1.5.34\logback-core-1.5.34.jar
[DEBUG]  C:\Users\merit\.m2\repository\org\apache\logging\log4j\log4j-to-slf4j\2.24.3\log4j-to-slf4j-2.24.3.jar
[DEBUG]  C:\Users\merit\.m2\repository\org\apache\logging\log4j\log4j-api\2.24.3\log4j-api-2.24.3.jar
[DEBUG]  C:\Users\merit\.m2\repository\org\slf4j\jul-to-slf4j\2.0.18\jul-to-slf4j-2.0.18.jar
[DEBUG]  C:\Users\merit\.m2\repository\jakarta\annotation\jakarta.annotation-api\2.1.1\jakarta.annotation-api-2.1.1.jar
[DEBUG]  C:\Users\merit\.m2\repository\org\yaml\snakeyaml\2.4\snakeyaml-2.4.jar
[DEBUG]  C:\Users\merit\.m2\repository\org\springframework\boot\spring-boot-starter-json\3.5.16\spring-boot-starter-json-3.5.16.jar
[DEBUG]  C:\Users\merit\.m2\repository\com\fasterxml\jackson\core\jackson-databind\2.21.4\jackson-databind-2.21.4.jar
[DEBUG]  C:\Users\merit\.m2\repository\com\fasterxml\jackson\core\jackson-annotations\2.21\jackson-annotations-2.21.jar
[DEBUG]  C:\Users\merit\.m2\repository\com\fasterxml\jackson\core\jackson-core\2.21.4\jackson-core-2.21.4.jar
[DEBUG]  C:\Users\merit\.m2\repository\com\fasterxml\jackson\datatype\jackson-datatype-jdk8\2.21.4\jackson-datatype-jdk8-2.21.4.jar
[DEBUG]  C:\Users\merit\.m2\repository\com\fasterxml\jackson\datatype\jackson-datatype-jsr310\2.21.4\jackson-datatype-jsr310-2.21.4.jar
[DEBUG]  C:\Users\merit\.m2\repository\com\fasterxml\jackson\module\jackson-module-parameter-names\2.21.4\jackson-module-parameter-names-2.21.4.jar
[DEBUG]  C:\Users\merit\.m2\repository\org\springframework\boot\spring-boot-starter-tomcat\3.5.16\spring-boot-starter-tomcat-3.5.16.jar
[DEBUG]  C:\Users\merit\.m2\repository\org\apache\tomcat\embed\tomcat-embed-core\10.1.55\tomcat-embed-core-10.1.55.jar
[DEBUG]  C:\Users\merit\.m2\repository\org\apache\tomcat\embed\tomcat-embed-websocket\10.1.55\tomcat-embed-websocket-10.1.55.jar
[DEBUG]  C:\Users\merit\.m2\repository\org\springframework\spring-web\6.2.19\spring-web-6.2.19.jar
[DEBUG]  C:\Users\merit\.m2\repository\org\springframework\spring-beans\6.2.19\spring-beans-6.2.19.jar
[DEBUG]  C:\Users\merit\.m2\repository\org\springframework\spring-webmvc\6.2.19\spring-webmvc-6.2.19.jar
[DEBUG]  C:\Users\merit\.m2\repository\org\springframework\spring-context\6.2.19\spring-context-6.2.19.jar
[DEBUG]  C:\Users\merit\.m2\repository\org\springframework\spring-expression\6.2.19\spring-expression-6.2.19.jar
[DEBUG]  C:\Users\merit\.m2\repository\org\springframework\boot\spring-boot-starter-data-jpa\3.5.16\spring-boot-starter-data-jpa-3.5.16.jar
[DEBUG]  C:\Users\merit\.m2\repository\org\springframework\boot\spring-boot-starter-jdbc\3.5.16\spring-boot-starter-jdbc-3.5.16.jar
[DEBUG]  C:\Users\merit\.m2\repository\com\zaxxer\HikariCP\6.3.3\HikariCP-6.3.3.jar
[DEBUG]  C:\Users\merit\.m2\repository\org\springframework\spring-jdbc\6.2.19\spring-jdbc-6.2.19.jar
[DEBUG]  C:\Users\merit\.m2\repository\org\hibernate\orm\hibernate-core\6.6.53.Final\hibernate-core-6.6.53.Final.jar
[DEBUG]  C:\Users\merit\.m2\repository\jakarta\persistence\jakarta.persistence-api\3.1.0\jakarta.persistence-api-3.1.0.jar
[DEBUG]  C:\Users\merit\.m2\repository\jakarta\transaction\jakarta.transaction-api\2.0.1\jakarta.transaction-api-2.0.1.jar
[DEBUG]  C:\Users\merit\.m2\repository\org\jboss\logging\jboss-logging\3.6.3.Final\jboss-logging-3.6.3.Final.jar
[DEBUG]  C:\Users\merit\.m2\repository\com\fasterxml\classmate\1.7.3\classmate-1.7.3.jar
[DEBUG]  C:\Users\merit\.m2\repository\org\antlr\antlr4-runtime\4.13.2\antlr4-runtime-4.13.2.jar
[DEBUG]  C:\Users\merit\.m2\repository\org\springframework\data\spring-data-jpa\3.5.13\spring-data-jpa-3.5.13.jar
[DEBUG]  C:\Users\merit\.m2\repository\org\springframework\data\spring-data-commons\3.5.13\spring-data-commons-3.5.13.jar
[DEBUG]  C:\Users\merit\.m2\repository\org\springframework\spring-orm\6.2.19\spring-orm-6.2.19.jar
[DEBUG]  C:\Users\merit\.m2\repository\org\springframework\spring-tx\6.2.19\spring-tx-6.2.19.jar
[DEBUG]  C:\Users\merit\.m2\repository\org\springframework\spring-aspects\6.2.19\spring-aspects-6.2.19.jar
[DEBUG]  C:\Users\merit\.m2\repository\org\springframework\boot\spring-boot-starter-data-redis\3.5.16\spring-boot-starter-data-redis-3.5.16.jar
[DEBUG]  C:\Users\merit\.m2\repository\io\lettuce\lettuce-core\6.6.0.RELEASE\lettuce-core-6.6.0.RELEASE.jar
[DEBUG]  C:\Users\merit\.m2\repository\redis\clients\authentication\redis-authx-core\0.1.1-beta2\redis-authx-core-0.1.1-beta2.jar
[DEBUG]  C:\Users\merit\.m2\repository\io\netty\netty-common\4.1.135.Final\netty-common-4.1.135.Final.jar
[DEBUG]  C:\Users\merit\.m2\repository\io\netty\netty-handler\4.1.135.Final\netty-handler-4.1.135.Final.jar
[DEBUG]  C:\Users\merit\.m2\repository\io\netty\netty-resolver\4.1.135.Final\netty-resolver-4.1.135.Final.jar
[DEBUG]  C:\Users\merit\.m2\repository\io\netty\netty-buffer\4.1.135.Final\netty-buffer-4.1.135.Final.jar
[DEBUG]  C:\Users\merit\.m2\repository\io\netty\netty-transport-native-unix-common\4.1.135.Final\netty-transport-native-unix-common-4.1.135.Final.jar
[DEBUG]  C:\Users\merit\.m2\repository\io\netty\netty-codec\4.1.135.Final\netty-codec-4.1.135.Final.jar
[DEBUG]  C:\Users\merit\.m2\repository\io\netty\netty-transport\4.1.135.Final\netty-transport-4.1.135.Final.jar
[DEBUG]  C:\Users\merit\.m2\repository\io\projectreactor\reactor-core\3.7.19\reactor-core-3.7.19.jar
[DEBUG]  C:\Users\merit\.m2\repository\org\reactivestreams\reactive-streams\1.0.4\reactive-streams-1.0.4.jar
[DEBUG]  C:\Users\merit\.m2\repository\org\springframework\data\spring-data-redis\3.5.13\spring-data-redis-3.5.13.jar
[DEBUG]  C:\Users\merit\.m2\repository\org\springframework\data\spring-data-keyvalue\3.5.13\spring-data-keyvalue-3.5.13.jar
[DEBUG]  C:\Users\merit\.m2\repository\org\springframework\spring-oxm\6.2.19\spring-oxm-6.2.19.jar
[DEBUG]  C:\Users\merit\.m2\repository\org\springframework\boot\spring-boot-starter-validation\3.5.16\spring-boot-starter-validation-3.5.16.jar
[DEBUG]  C:\Users\merit\.m2\repository\org\apache\tomcat\embed\tomcat-embed-el\10.1.55\tomcat-embed-el-10.1.55.jar
[DEBUG]  C:\Users\merit\.m2\repository\org\hibernate\validator\hibernate-validator\8.0.3.Final\hibernate-validator-8.0.3.Final.jar
[DEBUG]  C:\Users\merit\.m2\repository\jakarta\validation\jakarta.validation-api\3.0.2\jakarta.validation-api-3.0.2.jar
[DEBUG]  C:\Users\merit\.m2\repository\org\springframework\boot\spring-boot-starter-actuator\3.5.16\spring-boot-starter-actuator-3.5.16.jar
[DEBUG]  C:\Users\merit\.m2\repository\org\springframework\boot\spring-boot-actuator-autoconfigure\3.5.16\spring-boot-actuator-autoconfigure-3.5.16.jar
[DEBUG]  C:\Users\merit\.m2\repository\org\springframework\boot\spring-boot-actuator\3.5.16\spring-boot-actuator-3.5.16.jar
[DEBUG]  C:\Users\merit\.m2\repository\io\micrometer\micrometer-observation\1.15.12\micrometer-observation-1.15.12.jar
[DEBUG]  C:\Users\merit\.m2\repository\io\micrometer\micrometer-commons\1.15.12\micrometer-commons-1.15.12.jar
[DEBUG]  C:\Users\merit\.m2\repository\io\micrometer\micrometer-jakarta9\1.15.12\micrometer-jakarta9-1.15.12.jar
[DEBUG]  C:\Users\merit\.m2\repository\io\micrometer\micrometer-core\1.15.12\micrometer-core-1.15.12.jar
[DEBUG]  C:\Users\merit\.m2\repository\org\springframework\boot\spring-boot-starter-aop\3.5.16\spring-boot-starter-aop-3.5.16.jar
[DEBUG]  C:\Users\merit\.m2\repository\org\springframework\spring-aop\6.2.19\spring-aop-6.2.19.jar
[DEBUG]  C:\Users\merit\.m2\repository\org\aspectj\aspectjweaver\1.9.25.1\aspectjweaver-1.9.25.1.jar
[DEBUG]  C:\Users\merit\.m2\repository\org\springframework\boot\spring-boot-starter-cache\3.5.16\spring-boot-starter-cache-3.5.16.jar
[DEBUG]  C:\Users\merit\.m2\repository\org\springframework\spring-context-support\6.2.19\spring-context-support-6.2.19.jar
[DEBUG]  C:\Users\merit\.m2\repository\me\ahoo\cosid\cosid-spring-boot-starter\2.9.9\cosid-spring-boot-starter-2.9.9.jar
[DEBUG]  C:\Users\merit\.m2\repository\me\ahoo\cosid\cosid-core\2.9.9\cosid-core-2.9.9.jar
[DEBUG]  C:\Users\merit\.m2\repository\org\slf4j\slf4j-api\2.0.18\slf4j-api-2.0.18.jar
[DEBUG]  C:\Users\merit\.m2\repository\me\ahoo\cosid\cosid-jdbc\2.9.9\cosid-jdbc-2.9.9.jar
[DEBUG]  C:\Users\merit\.m2\repository\com\googlecode\aviator\aviator\5.3.0\aviator-5.3.0.jar
[DEBUG]  C:\Users\merit\.m2\repository\org\apache\groovy\groovy\4.0.32\groovy-4.0.32.jar
[DEBUG]  C:\Users\merit\.m2\repository\com\github\ben-manes\caffeine\caffeine\3.2.4\caffeine-3.2.4.jar
[DEBUG]  C:\Users\merit\.m2\repository\org\jspecify\jspecify\1.0.0\jspecify-1.0.0.jar
[DEBUG]  C:\Users\merit\.m2\repository\com\google\errorprone\error_prone_annotations\2.49.0\error_prone_annotations-2.49.0.jar
[DEBUG]  C:\Users\merit\.m2\repository\cn\hutool\hutool-all\5.8.40\hutool-all-5.8.40.jar
[DEBUG]  C:\Users\merit\.m2\repository\io\micrometer\micrometer-tracing-bridge-brave\1.5.12\micrometer-tracing-bridge-brave-1.5.12.jar
[DEBUG]  C:\Users\merit\.m2\repository\io\micrometer\micrometer-tracing\1.5.12\micrometer-tracing-1.5.12.jar
[DEBUG]  C:\Users\merit\.m2\repository\io\micrometer\context-propagation\1.1.4\context-propagation-1.1.4.jar
[DEBUG]  C:\Users\merit\.m2\repository\aopalliance\aopalliance\1.0\aopalliance-1.0.jar
[DEBUG]  C:\Users\merit\.m2\repository\io\zipkin\brave\brave\6.1.0\brave-6.1.0.jar
[DEBUG]  C:\Users\merit\.m2\repository\io\zipkin\brave\brave-context-slf4j\6.1.0\brave-context-slf4j-6.1.0.jar
[DEBUG]  C:\Users\merit\.m2\repository\io\zipkin\brave\brave-instrumentation-http\6.1.0\brave-instrumentation-http-6.1.0.jar
[DEBUG]  C:\Users\merit\.m2\repository\io\zipkin\aws\brave-propagation-aws\1.3.0\brave-propagation-aws-1.3.0.jar
[DEBUG]  C:\Users\merit\.m2\repository\io\zipkin\contrib\brave-propagation-w3c\brave-propagation-tracecontext\0.2.0\brave-propagation-tracecontext-0.2.0.jar
[DEBUG]  C:\Users\merit\.m2\repository\io\zipkin\reporter2\zipkin-reporter-brave\3.5.3\zipkin-reporter-brave-3.5.3.jar
[DEBUG]  C:\Users\merit\.m2\repository\io\zipkin\reporter2\zipkin-reporter\3.5.3\zipkin-reporter-3.5.3.jar
[DEBUG]  C:\Users\merit\.m2\repository\org\springdoc\springdoc-openapi-starter-webmvc-ui\2.6.0\springdoc-openapi-starter-webmvc-ui-2.6.0.jar
[DEBUG]  C:\Users\merit\.m2\repository\org\springdoc\springdoc-openapi-starter-webmvc-api\2.6.0\springdoc-openapi-starter-webmvc-api-2.6.0.jar
[DEBUG]  C:\Users\merit\.m2\repository\org\springdoc\springdoc-openapi-starter-common\2.6.0\springdoc-openapi-starter-common-2.6.0.jar
[DEBUG]  C:\Users\merit\.m2\repository\io\swagger\core\v3\swagger-core-jakarta\2.2.22\swagger-core-jakarta-2.2.22.jar
[DEBUG]  C:\Users\merit\.m2\repository\org\apache\commons\commons-lang3\3.17.0\commons-lang3-3.17.0.jar
[DEBUG]  C:\Users\merit\.m2\repository\io\swagger\core\v3\swagger-annotations-jakarta\2.2.22\swagger-annotations-jakarta-2.2.22.jar
[DEBUG]  C:\Users\merit\.m2\repository\io\swagger\core\v3\swagger-models-jakarta\2.2.22\swagger-models-jakarta-2.2.22.jar
[DEBUG]  C:\Users\merit\.m2\repository\com\fasterxml\jackson\dataformat\jackson-dataformat-yaml\2.21.4\jackson-dataformat-yaml-2.21.4.jar
[DEBUG]  C:\Users\merit\.m2\repository\org\webjars\swagger-ui\5.17.14\swagger-ui-5.17.14.jar
[DEBUG]  C:\Users\merit\.m2\repository\org\projectlombok\lombok\1.18.46\lombok-1.18.46.jar
[DEBUG]  C:\Users\merit\.m2\repository\jakarta\xml\bind\jakarta.xml.bind-api\4.0.5\jakarta.xml.bind-api-4.0.5.jar
[DEBUG]  C:\Users\merit\.m2\repository\jakarta\activation\jakarta.activation-api\2.1.4\jakarta.activation-api-2.1.4.jar
[DEBUG]  C:\Users\merit\.m2\repository\org\springframework\spring-core\6.2.19\spring-core-6.2.19.jar
[DEBUG]  C:\Users\merit\.m2\repository\org\springframework\spring-jcl\6.2.19\spring-jcl-6.2.19.jar
[DEBUG] Source roots:
[DEBUG]  D:\dev\Projects\codecenter\src\main\java
[DEBUG] Command line options:
[DEBUG] -d D:\dev\Projects\codecenter\target\classes -classpath D:\dev\Projects\codecenter\target\classes;C:\Users\merit\.m2\repository\org\springframework\boot\spring-boot-starter-web\3.5.16\spring-boot-starter-web-3.5.16.jar;C:\Users\merit\.m2\repository\org\springframework\boot\spring-boot-starter\3.5.16\spring-boot-starter-3.5.16.jar;C:\Users\merit\.m2\repository\org\springframework\boot\spring-boot\3.5.16\spring-boot-3.5.16.jar;C:\Users\merit\.m2\repository\org\springframework\boot\spring-boot-autoconfigure\3.5.16\spring-boot-autoconfigure-3.5.16.jar;C:\Users\merit\.m2\repository\org\springframework\boot\spring-boot-starter-logging\3.5.16\spring-boot-starter-logging-3.5.16.jar;C:\Users\merit\.m2\repository\ch\qos\logback\logback-classic\1.5.34\logback-classic-1.5.34.jar;C:\Users\merit\.m2\repository\ch\qos\logback\logback-core\1.5.34\logback-core-1.5.34.jar;C:\Users\merit\.m2\repository\org\apache\logging\log4j\log4j-to-slf4j\2.24.3\log4j-to-slf4j-2.24.3.jar;C:\Users\merit\.m2\repository\org\apache\logging\log4j\log4j-api\2.24.3\log4j-api-2.24.3.jar;C:\Users\merit\.m2\repository\org\slf4j\jul-to-slf4j\2.0.18\jul-to-slf4j-2.0.18.jar;C:\Users\merit\.m2\repository\jakarta\annotation\jakarta.annotation-api\2.1.1\jakarta.annotation-api-2.1.1.jar;C:\Users\merit\.m2\repository\org\yaml\snakeyaml\2.4\snakeyaml-2.4.jar;C:\Users\merit\.m2\repository\org\springframework\boot\spring-boot-starter-json\3.5.16\spring-boot-starter-json-3.5.16.jar;C:\Users\merit\.m2\repository\com\fasterxml\jackson\core\jackson-databind\2.21.4\jackson-databind-2.21.4.jar;C:\Users\merit\.m2\repository\com\fasterxml\jackson\core\jackson-annotations\2.21\jackson-annotations-2.21.jar;C:\Users\merit\.m2\repository\com\fasterxml\jackson\core\jackson-core\2.21.4\jackson-core-2.21.4.jar;C:\Users\merit\.m2\repository\com\fasterxml\jackson\datatype\jackson-datatype-jdk8\2.21.4\jackson-datatype-jdk8-2.21.4.jar;C:\Users\merit\.m2\repository\com\fasterxml\jackson\datatype\jackson-datatype-jsr310\2.21.4\jackson-datatype-jsr310-2.21.4.jar;C:\Users\merit\.m2\repository\com\fasterxml\jackson\module\jackson-module-parameter-names\2.21.4\jackson-module-parameter-names-2.21.4.jar;C:\Users\merit\.m2\repository\org\springframework\boot\spring-boot-starter-tomcat\3.5.16\spring-boot-starter-tomcat-3.5.16.jar;C:\Users\merit\.m2\repository\org\apache\tomcat\embed\tomcat-embed-core\10.1.55\tomcat-embed-core-10.1.55.jar;C:\Users\merit\.m2\repository\org\apache\tomcat\embed\tomcat-embed-websocket\10.1.55\tomcat-embed-websocket-10.1.55.jar;C:\Users\merit\.m2\repository\org\springframework\spring-web\6.2.19\spring-web-6.2.19.jar;C:\Users\merit\.m2\repository\org\springframework\spring-beans\6.2.19\spring-beans-6.2.19.jar;C:\Users\merit\.m2\repository\org\springframework\spring-webmvc\6.2.19\spring-webmvc-6.2.19.jar;C:\Users\merit\.m2\repository\org\springframework\spring-context\6.2.19\spring-context-6.2.19.jar;C:\Users\merit\.m2\repository\org\springframework\spring-expression\6.2.19\spring-expression-6.2.19.jar;C:\Users\merit\.m2\repository\org\springframework\boot\spring-boot-starter-data-jpa\3.5.16\spring-boot-starter-data-jpa-3.5.16.jar;C:\Users\merit\.m2\repository\org\springframework\boot\spring-boot-starter-jdbc\3.5.16\spring-boot-starter-jdbc-3.5.16.jar;C:\Users\merit\.m2\repository\com\zaxxer\HikariCP\6.3.3\HikariCP-6.3.3.jar;C:\Users\merit\.m2\repository\org\springframework\spring-jdbc\6.2.19\spring-jdbc-6.2.19.jar;C:\Users\merit\.m2\repository\org\hibernate\orm\hibernate-core\6.6.53.Final\hibernate-core-6.6.53.Final.jar;C:\Users\merit\.m2\repository\jakarta\persistence\jakarta.persistence-api\3.1.0\jakarta.persistence-api-3.1.0.jar;C:\Users\merit\.m2\repository\jakarta\transaction\jakarta.transaction-api\2.0.1\jakarta.transaction-api-2.0.1.jar;C:\Users\merit\.m2\repository\org\jboss\logging\jboss-logging\3.6.3.Final\jboss-logging-3.6.3.Final.jar;C:\Users\merit\.m2\repository\com\fasterxml\classmate\1.7.3\classmate-1.7.3.jar;C:\Users\merit\.m2\repository\org\antlr\antlr4-runtime\4.13.2\antlr4-runtime-4.13.2.jar;C:\Users\merit\.m2\repository\org\springframework\data\spring-data-jpa\3.5.13\spring-data-jpa-3.5.13.jar;C:\Users\merit\.m2\repository\org\springframework\data\spring-data-commons\3.5.13\spring-data-commons-3.5.13.jar;C:\Users\merit\.m2\repository\org\springframework\spring-orm\6.2.19\spring-orm-6.2.19.jar;C:\Users\merit\.m2\repository\org\springframework\spring-tx\6.2.19\spring-tx-6.2.19.jar;C:\Users\merit\.m2\repository\org\springframework\spring-aspects\6.2.19\spring-aspects-6.2.19.jar;C:\Users\merit\.m2\repository\org\springframework\boot\spring-boot-starter-data-redis\3.5.16\spring-boot-starter-data-redis-3.5.16.jar;C:\Users\merit\.m2\repository\io\lettuce\lettuce-core\6.6.0.RELEASE\lettuce-core-6.6.0.RELEASE.jar;C:\Users\merit\.m2\repository\redis\clients\authentication\redis-authx-core\0.1.1-beta2\redis-authx-core-0.1.1-beta2.jar;C:\Users\merit\.m2\repository\io\netty\netty-common\4.1.135.Final\netty-common-4.1.135.Final.jar;C:\Users\merit\.m2\repository\io\netty\netty-handler\4.1.135.Final\netty-handler-4.1.135.Final.jar;C:\Users\merit\.m2\repository\io\netty\netty-resolver\4.1.135.Final\netty-resolver-4.1.135.Final.jar;C:\Users\merit\.m2\repository\io\netty\netty-buffer\4.1.135.Final\netty-buffer-4.1.135.Final.jar;C:\Users\merit\.m2\repository\io\netty\netty-transport-native-unix-common\4.1.135.Final\netty-transport-native-unix-common-4.1.135.Final.jar;C:\Users\merit\.m2\repository\io\netty\netty-codec\4.1.135.Final\netty-codec-4.1.135.Final.jar;C:\Users\merit\.m2\repository\io\netty\netty-transport\4.1.135.Final\netty-transport-4.1.135.Final.jar;C:\Users\merit\.m2\repository\io\projectreactor\reactor-core\3.7.19\reactor-core-3.7.19.jar;C:\Users\merit\.m2\repository\org\reactivestreams\reactive-streams\1.0.4\reactive-streams-1.0.4.jar;C:\Users\merit\.m2\repository\org\springframework\data\spring-data-redis\3.5.13\spring-data-redis-3.5.13.jar;C:\Users\merit\.m2\repository\org\springframework\data\spring-data-keyvalue\3.5.13\spring-data-keyvalue-3.5.13.jar;C:\Users\merit\.m2\repository\org\springframework\spring-oxm\6.2.19\spring-oxm-6.2.19.jar;C:\Users\merit\.m2\repository\org\springframework\boot\spring-boot-starter-validation\3.5.16\spring-boot-starter-validation-3.5.16.jar;C:\Users\merit\.m2\repository\org\apache\tomcat\embed\tomcat-embed-el\10.1.55\tomcat-embed-el-10.1.55.jar;C:\Users\merit\.m2\repository\org\hibernate\validator\hibernate-validator\8.0.3.Final\hibernate-validator-8.0.3.Final.jar;C:\Users\merit\.m2\repository\jakarta\validation\jakarta.validation-api\3.0.2\jakarta.validation-api-3.0.2.jar;C:\Users\merit\.m2\repository\org\springframework\boot\spring-boot-starter-actuator\3.5.16\spring-boot-starter-actuator-3.5.16.jar;C:\Users\merit\.m2\repository\org\springframework\boot\spring-boot-actuator-autoconfigure\3.5.16\spring-boot-actuator-autoconfigure-3.5.16.jar;C:\Users\merit\.m2\repository\org\springframework\boot\spring-boot-actuator\3.5.16\spring-boot-actuator-3.5.16.jar;C:\Users\merit\.m2\repository\io\micrometer\micrometer-observation\1.15.12\micrometer-observation-1.15.12.jar;C:\Users\merit\.m2\repository\io\micrometer\micrometer-commons\1.15.12\micrometer-commons-1.15.12.jar;C:\Users\merit\.m2\repository\io\micrometer\micrometer-jakarta9\1.15.12\micrometer-jakarta9-1.15.12.jar;C:\Users\merit\.m2\repository\io\micrometer\micrometer-core\1.15.12\micrometer-core-1.15.12.jar;C:\Users\merit\.m2\repository\org\springframework\boot\spring-boot-starter-aop\3.5.16\spring-boot-starter-aop-3.5.16.jar;C:\Users\merit\.m2\repository\org\springframework\spring-aop\6.2.19\spring-aop-6.2.19.jar;C:\Users\merit\.m2\repository\org\aspectj\aspectjweaver\1.9.25.1\aspectjweaver-1.9.25.1.jar;C:\Users\merit\.m2\repository\org\springframework\boot\spring-boot-starter-cache\3.5.16\spring-boot-starter-cache-3.5.16.jar;C:\Users\merit\.m2\repository\org\springframework\spring-context-support\6.2.19\spring-context-support-6.2.19.jar;C:\Users\merit\.m2\repository\me\ahoo\cosid\cosid-spring-boot-starter\2.9.9\cosid-spring-boot-starter-2.9.9.jar;C:\Users\merit\.m2\repository\me\ahoo\cosid\cosid-core\2.9.9\cosid-core-2.9.9.jar;C:\Users\merit\.m2\repository\org\slf4j\slf4j-api\2.0.18\slf4j-api-2.0.18.jar;C:\Users\merit\.m2\repository\me\ahoo\cosid\cosid-jdbc\2.9.9\cosid-jdbc-2.9.9.jar;C:\Users\merit\.m2\repository\com\googlecode\aviator\aviator\5.3.0\aviator-5.3.0.jar;C:\Users\merit\.m2\repository\org\apache\groovy\groovy\4.0.32\groovy-4.0.32.jar;C:\Users\merit\.m2\repository\com\github\ben-manes\caffeine\caffeine\3.2.4\caffeine-3.2.4.jar;C:\Users\merit\.m2\repository\org\jspecify\jspecify\1.0.0\jspecify-1.0.0.jar;C:\Users\merit\.m2\repository\com\google\errorprone\error_prone_annotations\2.49.0\error_prone_annotations-2.49.0.jar;C:\Users\merit\.m2\repository\cn\hutool\hutool-all\5.8.40\hutool-all-5.8.40.jar;C:\Users\merit\.m2\repository\io\micrometer\micrometer-tracing-bridge-brave\1.5.12\micrometer-tracing-bridge-brave-1.5.12.jar;C:\Users\merit\.m2\repository\io\micrometer\micrometer-tracing\1.5.12\micrometer-tracing-1.5.12.jar;C:\Users\merit\.m2\repository\io\micrometer\context-propagation\1.1.4\context-propagation-1.1.4.jar;C:\Users\merit\.m2\repository\aopalliance\aopalliance\1.0\aopalliance-1.0.jar;C:\Users\merit\.m2\repository\io\zipkin\brave\brave\6.1.0\brave-6.1.0.jar;C:\Users\merit\.m2\repository\io\zipkin\brave\brave-context-slf4j\6.1.0\brave-context-slf4j-6.1.0.jar;C:\Users\merit\.m2\repository\io\zipkin\brave\brave-instrumentation-http\6.1.0\brave-instrumentation-http-6.1.0.jar;C:\Users\merit\.m2\repository\io\zipkin\aws\brave-propagation-aws\1.3.0\brave-propagation-aws-1.3.0.jar;C:\Users\merit\.m2\repository\io\zipkin\contrib\brave-propagation-w3c\brave-propagation-tracecontext\0.2.0\brave-propagation-tracecontext-0.2.0.jar;C:\Users\merit\.m2\repository\io\zipkin\reporter2\zipkin-reporter-brave\3.5.3\zipkin-reporter-brave-3.5.3.jar;C:\Users\merit\.m2\repository\io\zipkin\reporter2\zipkin-reporter\3.5.3\zipkin-reporter-3.5.3.jar;C:\Users\merit\.m2\repository\org\springdoc\springdoc-openapi-starter-webmvc-ui\2.6.0\springdoc-openapi-starter-webmvc-ui-2.6.0.jar;C:\Users\merit\.m2\repository\org\springdoc\springdoc-openapi-starter-webmvc-api\2.6.0\springdoc-openapi-starter-webmvc-api-2.6.0.jar;C:\Users\merit\.m2\repository\org\springdoc\springdoc-openapi-starter-common\2.6.0\springdoc-openapi-starter-common-2.6.0.jar;C:\Users\merit\.m2\repository\io\swagger\core\v3\swagger-core-jakarta\2.2.22\swagger-core-jakarta-2.2.22.jar;C:\Users\merit\.m2\repository\org\apache\commons\commons-lang3\3.17.0\commons-lang3-3.17.0.jar;C:\Users\merit\.m2\repository\io\swagger\core\v3\swagger-annotations-jakarta\2.2.22\swagger-annotations-jakarta-2.2.22.jar;C:\Users\merit\.m2\repository\io\swagger\core\v3\swagger-models-jakarta\2.2.22\swagger-models-jakarta-2.2.22.jar;C:\Users\merit\.m2\repository\com\fasterxml\jackson\dataformat\jackson-dataformat-yaml\2.21.4\jackson-dataformat-yaml-2.21.4.jar;C:\Users\merit\.m2\repository\org\webjars\swagger-ui\5.17.14\swagger-ui-5.17.14.jar;C:\Users\merit\.m2\repository\org\projectlombok\lombok\1.18.46\lombok-1.18.46.jar;C:\Users\merit\.m2\repository\jakarta\xml\bind\jakarta.xml.bind-api\4.0.5\jakarta.xml.bind-api-4.0.5.jar;C:\Users\merit\.m2\repository\jakarta\activation\jakarta.activation-api\2.1.4\jakarta.activation-api-2.1.4.jar;C:\Users\merit\.m2\repository\org\springframework\spring-core\6.2.19\spring-core-6.2.19.jar;C:\Users\merit\.m2\repository\org\springframework\spring-jcl\6.2.19\spring-jcl-6.2.19.jar; -sourcepath D:\dev\Projects\codecenter\src\main\java; -s D:\dev\Projects\codecenter\target\generated-sources\annotations -processorpath C:\Users\merit\.m2\repository\org\projectlombok\lombok\1.18.46\lombok-1.18.46.jar; -g -parameters --release 21 -encoding UTF-8 -XDuseUnsharedTable=true
[DEBUG] incrementalBuildHelper#beforeRebuildExecution
[INFO] Compiling 85 source files with javac [debug parameters release 21] to target\classes
[DEBUG] incrementalBuildHelper#afterRebuildExecution
[INFO] /D:/dev/Projects/codecenter/src/main/java/com/meritdata/mdm/codecenter/domain/valueobject/config/SegmentTypeConfig.java: D:\dev\Projects\codecenter\src\main\java\com\meritdata\mdm\codecenter\domain\valueobject\config\SegmentTypeConfig.javaʹ�û򸲸����ѹ�ʱ�� API��
[INFO] /D:/dev/Projects/codecenter/src/main/java/com/meritdata/mdm/codecenter/domain/valueobject/config/SegmentTypeConfig.java: �й���ϸ��Ϣ, ��ʹ�� -Xlint:deprecation ���±��롣
[INFO] /D:/dev/Projects/codecenter/src/main/java/com/meritdata/mdm/codecenter/application/service/WaterMarkService.java: D:\dev\Projects\codecenter\src\main\java\com\meritdata\mdm\codecenter\application\service\WaterMarkService.javaʹ����δ�����򲻰�ȫ�Ĳ�����
[INFO] /D:/dev/Projects/codecenter/src/main/java/com/meritdata/mdm/codecenter/application/service/WaterMarkService.java: �й���ϸ��Ϣ, ��ʹ�� -Xlint:unchecked ���±��롣
[INFO] -------------------------------------------------------------
[ERROR] COMPILATION ERROR : 
[INFO] -------------------------------------------------------------
[ERROR] /D:/dev/Projects/codecenter/src/main/java/com/meritdata/mdm/codecenter/application/service/WaterMarkService.java:[43,29] ��ע�ӿڲ������ڴ����͵�����
[ERROR] /D:/dev/Projects/codecenter/src/main/java/com/meritdata/mdm/codecenter/application/dto/CodeGenerateResponse.java:[20,36] �Ҳ�������
  ����:   ���� builder()
  λ��: �� com.meritdata.mdm.codecenter.application.dto.CodeGenerateResponse
[ERROR] /D:/dev/Projects/codecenter/src/main/java/com/meritdata/mdm/codecenter/application/dto/CodeGenerateResponse.java:[28,36] �Ҳ�������
  ����:   ���� builder()
  λ��: �� com.meritdata.mdm.codecenter.application.dto.CodeGenerateResponse
[ERROR] /D:/dev/Projects/codecenter/src/main/java/com/meritdata/mdm/codecenter/application/service/AuditLogService.java:[31,46] �Ҳ�������
  ����:   ���� builder()
  λ��: �� com.meritdata.mdm.codecenter.domain.entity.ModelAuditLog
[ERROR] /D:/dev/Projects/codecenter/src/main/java/com/meritdata/mdm/codecenter/application/service/AuditLogService.java:[48,13] �Ҳ�������
  ����:   ���� log
  λ��: �� com.meritdata.mdm.codecenter.application.service.AuditLogService
[ERROR] /D:/dev/Projects/codecenter/src/main/java/com/meritdata/mdm/codecenter/application/service/CodeGenerateService.java:[81,28] �Ҳ�������
  ����:   ���� getModelId()
  λ��: ����Ϊcom.meritdata.mdm.codecenter.application.dto.CodeGenerateRequest�ı��� request
[ERROR] /D:/dev/Projects/codecenter/src/main/java/com/meritdata/mdm/codecenter/application/service/CodeGenerateService.java:[81,50] �Ҳ�������
  ����:   ���� getFieldId()
  λ��: ����Ϊcom.meritdata.mdm.codecenter.application.dto.CodeGenerateRequest�ı��� request
[ERROR] /D:/dev/Projects/codecenter/src/main/java/com/meritdata/mdm/codecenter/application/service/CodeGenerateService.java:[83,47] �Ҳ�������
  ����:   ���� getModelId()
  λ��: ����Ϊcom.meritdata.mdm.codecenter.application.dto.CodeGenerateRequest�ı��� request
[ERROR] /D:/dev/Projects/codecenter/src/main/java/com/meritdata/mdm/codecenter/application/service/CodeGenerateService.java:[83,82] �Ҳ�������
  ����:   ���� getFieldId()
  λ��: ����Ϊcom.meritdata.mdm.codecenter.application.dto.CodeGenerateRequest�ı��� request
[ERROR] /D:/dev/Projects/codecenter/src/main/java/com/meritdata/mdm/codecenter/application/service/CodeGenerateService.java:[87,58] �Ҳ�������
  ����:   ���� getId()
  λ��: ����Ϊcom.meritdata.mdm.codecenter.domain.entity.CodeRule�ı��� rule
[ERROR] /D:/dev/Projects/codecenter/src/main/java/com/meritdata/mdm/codecenter/application/service/CodeGenerateService.java:[105,13] �Ҳ�������
  ����:   ���� log
  λ��: �� com.meritdata.mdm.codecenter.application.service.CodeGenerateService
[ERROR] /D:/dev/Projects/codecenter/src/main/java/com/meritdata/mdm/codecenter/application/service/CodeGenerateService.java:[106,34] �Ҳ�������
  ����:   ���� getSequenceNum()
  λ��: ����Ϊcom.meritdata.mdm.codecenter.infrastructure.segment.SegmentContext�ı��� context
[ERROR] /D:/dev/Projects/codecenter/src/main/java/com/meritdata/mdm/codecenter/application/service/CodeGenerateService.java:[106,57] �Ҳ�������
  ����:   ���� getId()
  λ��: ����Ϊcom.meritdata.mdm.codecenter.domain.entity.CodeRule�ı��� rule
[ERROR] /D:/dev/Projects/codecenter/src/main/java/com/meritdata/mdm/codecenter/application/service/CodeGenerateService.java:[107,62] �Ҳ�������
  ����:   ���� getSequenceNum()
  λ��: ����Ϊcom.meritdata.mdm.codecenter.infrastructure.segment.SegmentContext�ı��� context
[ERROR] /D:/dev/Projects/codecenter/src/main/java/com/meritdata/mdm/codecenter/application/service/CodeGenerateService.java:[107,91] �Ҳ�������
  ����:   ���� getId()
  λ��: ����Ϊcom.meritdata.mdm.codecenter.domain.entity.CodeAllocation�ı��� allocation
[ERROR] /D:/dev/Projects/codecenter/src/main/java/com/meritdata/mdm/codecenter/application/service/CodeGenerateService.java:[110,13] �Ҳ�������
  ����:   ���� log
  λ��: �� com.meritdata.mdm.codecenter.application.service.CodeGenerateService
[ERROR] /D:/dev/Projects/codecenter/src/main/java/com/meritdata/mdm/codecenter/application/service/CodeGenerateService.java:[111,47] �Ҳ�������
  ����:   ���� getErrorCode()
  λ��: ����Ϊcom.meritdata.mdm.codecenter.common.exception.BizException�ı��� e
[ERROR] /D:/dev/Projects/codecenter/src/main/java/com/meritdata/mdm/codecenter/application/service/CodeGenerateService.java:[113,13] �Ҳ�������
  ����:   ���� log
  λ��: �� com.meritdata.mdm.codecenter.application.service.CodeGenerateService
[ERROR] /D:/dev/Projects/codecenter/src/main/java/com/meritdata/mdm/codecenter/application/service/CodeGenerateService.java:[114,28] �Ҳ�������
  ����:   ���� getModelId()
  λ��: ����Ϊcom.meritdata.mdm.codecenter.application.dto.CodeGenerateRequest�ı��� request
[ERROR] /D:/dev/Projects/codecenter/src/main/java/com/meritdata/mdm/codecenter/application/service/CodeGenerateService.java:[114,50] �Ҳ�������
  ����:   ���� getFieldId()
  λ��: ����Ϊcom.meritdata.mdm.codecenter.application.dto.CodeGenerateRequest�ı��� request
[ERROR] /D:/dev/Projects/codecenter/src/main/java/com/meritdata/mdm/codecenter/application/service/CodeGenerateService.java:[123,28] �Ҳ�������
  ����:   ���� getCount()
  λ��: ����Ϊcom.meritdata.mdm.codecenter.application.dto.BatchCodeGenerateRequest�ı��� request
[ERROR] /D:/dev/Projects/codecenter/src/main/java/com/meritdata/mdm/codecenter/application/service/CodeGenerateService.java:[123,70] �Ҳ�������
  ����:   ���� getCount()
  λ��: ����Ϊcom.meritdata.mdm.codecenter.application.dto.BatchCodeGenerateRequest�ı��� request
[ERROR] /D:/dev/Projects/codecenter/src/main/java/com/meritdata/mdm/codecenter/application/service/CodeGenerateService.java:[129,24] �Ҳ�������
  ����:   ���� getModelId()
  λ��: ����Ϊcom.meritdata.mdm.codecenter.application.dto.BatchCodeGenerateRequest�ı��� request
[ERROR] /D:/dev/Projects/codecenter/src/main/java/com/meritdata/mdm/codecenter/application/service/CodeGenerateService.java:[129,46] �Ҳ�������
  ����:   ���� getFieldId()
  λ��: ����Ϊcom.meritdata.mdm.codecenter.application.dto.BatchCodeGenerateRequest�ı��� request
[ERROR] /D:/dev/Projects/codecenter/src/main/java/com/meritdata/mdm/codecenter/application/service/CodeGenerateService.java:[130,80] �Ҳ�������
  ����:   ���� getModelId()
  λ��: ����Ϊcom.meritdata.mdm.codecenter.application.dto.BatchCodeGenerateRequest�ı��� request
[ERROR] /D:/dev/Projects/codecenter/src/main/java/com/meritdata/mdm/codecenter/application/service/CodeGenerateService.java:[130,115] �Ҳ�������
  ����:   ���� getFieldId()
  λ��: ����Ϊcom.meritdata.mdm.codecenter.application.dto.BatchCodeGenerateRequest�ı��� request
[ERROR] /D:/dev/Projects/codecenter/src/main/java/com/meritdata/mdm/codecenter/application/service/CodeGenerateService.java:[134,21] �Ҳ�������
  ����:   ���� getId()
  λ��: ����Ϊcom.meritdata.mdm.codecenter.domain.entity.CodeRule�ı��� rule
[ERROR] /D:/dev/Projects/codecenter/src/main/java/com/meritdata/mdm/codecenter/application/service/CodeGenerateService.java:[137,13] �Ҳ�������
  ����:   ���� log
  λ��: �� com.meritdata.mdm.codecenter.application.service.CodeGenerateService
[ERROR] /D:/dev/Projects/codecenter/src/main/java/com/meritdata/mdm/codecenter/application/service/CodeGenerateService.java:[140,13] �Ҳ�������
  ����:   ���� log
  λ��: �� com.meritdata.mdm.codecenter.application.service.CodeGenerateService
[ERROR] /D:/dev/Projects/codecenter/src/main/java/com/meritdata/mdm/codecenter/application/service/CodeGenerateService.java:[147,108] �Ҳ�������
  ����:   ���� getId()
  λ��: ����Ϊcom.meritdata.mdm.codecenter.domain.entity.CodeRule�ı��� rule
[ERROR] /D:/dev/Projects/codecenter/src/main/java/com/meritdata/mdm/codecenter/application/service/CodeGenerateService.java:[156,65] �Ҳ�������
  ����:   ���� builder()
  λ��: �� com.meritdata.mdm.codecenter.application.dto.CodeGenerateRequest
[ERROR] /D:/dev/Projects/codecenter/src/main/java/com/meritdata/mdm/codecenter/application/service/CodeGenerateService.java:[157,41] �Ҳ�������
  ����:   ���� getModelId()
  λ��: ����Ϊcom.meritdata.mdm.codecenter.application.dto.BatchCodeGenerateRequest�ı��� request
[ERROR] /D:/dev/Projects/codecenter/src/main/java/com/meritdata/mdm/codecenter/application/service/CodeGenerateService.java:[158,41] �Ҳ�������
  ����:   ���� getFieldId()
  λ��: ����Ϊcom.meritdata.mdm.codecenter.application.dto.BatchCodeGenerateRequest�ı��� request
[ERROR] /D:/dev/Projects/codecenter/src/main/java/com/meritdata/mdm/codecenter/application/service/CodeGenerateService.java:[159,40] �Ҳ�������
  ����:   ���� getDataId()
  λ��: ����Ϊcom.meritdata.mdm.codecenter.application.dto.BatchCodeGenerateRequest�ı��� request
[ERROR] /D:/dev/Projects/codecenter/src/main/java/com/meritdata/mdm/codecenter/application/service/CodeGenerateService.java:[160,38] �Ҳ�������
  ����:   ���� getData()
  λ��: ����Ϊcom.meritdata.mdm.codecenter.application.dto.BatchCodeGenerateRequest�ı��� request
[ERROR] /D:/dev/Projects/codecenter/src/main/java/com/meritdata/mdm/codecenter/application/service/CodeGenerateService.java:[161,42] �Ҳ�������
  ����:   ���� getTenantId()
  λ��: ����Ϊcom.meritdata.mdm.codecenter.application.dto.BatchCodeGenerateRequest�ı��� request
[ERROR] /D:/dev/Projects/codecenter/src/main/java/com/meritdata/mdm/codecenter/application/service/CodeGenerateService.java:[170,27] �Ҳ�������
  ����:   ���� setCode(java.lang.String)
  λ��: ����Ϊcom.meritdata.mdm.codecenter.domain.entity.CodeAllocation�ı��� allocation
[ERROR] /D:/dev/Projects/codecenter/src/main/java/com/meritdata/mdm/codecenter/application/service/CodeGenerateService.java:[171,46] �Ҳ�������
  ����:   ���� getSequenceNum()
  λ��: ����Ϊcom.meritdata.mdm.codecenter.infrastructure.segment.SegmentContext�ı��� ctx
[ERROR] /D:/dev/Projects/codecenter/src/main/java/com/meritdata/mdm/codecenter/application/service/CodeGenerateService.java:[172,27] �Ҳ�������
  ����:   ���� setSegmentValues(java.lang.String)
  λ��: ����Ϊcom.meritdata.mdm.codecenter.domain.entity.CodeAllocation�ı��� allocation
[ERROR] /D:/dev/Projects/codecenter/src/main/java/com/meritdata/mdm/codecenter/application/service/CodeGenerateService.java:[173,27] �Ҳ�������
  ����:   ���� setStatus(com.meritdata.mdm.codecenter.domain.enums.AllocationStatus)
  λ��: ����Ϊcom.meritdata.mdm.codecenter.domain.entity.CodeAllocation�ı��� allocation
[ERROR] /D:/dev/Projects/codecenter/src/main/java/com/meritdata/mdm/codecenter/application/service/CodeGenerateService.java:[174,27] �Ҳ�������
  ����:   ���� setCancelTime(<nulltype>)
  λ��: ����Ϊcom.meritdata.mdm.codecenter.domain.entity.CodeAllocation�ı��� allocation
[ERROR] /D:/dev/Projects/codecenter/src/main/java/com/meritdata/mdm/codecenter/application/service/CodeGenerateService.java:[175,27] �Ҳ�������
  ����:   ���� setRecycleTime(<nulltype>)
  λ��: ����Ϊcom.meritdata.mdm.codecenter.domain.entity.CodeAllocation�ı��� allocation
[ERROR] /D:/dev/Projects/codecenter/src/main/java/com/meritdata/mdm/codecenter/application/service/CodeGenerateService.java:[176,27] �Ҳ�������
  ����:   ���� setRecycleLockTime(<nulltype>)
  λ��: ����Ϊcom.meritdata.mdm.codecenter.domain.entity.CodeAllocation�ı��� allocation
[ERROR] /D:/dev/Projects/codecenter/src/main/java/com/meritdata/mdm/codecenter/application/service/CodeGenerateService.java:[177,27] �Ҳ�������
  ����:   ���� setWasteType(<nulltype>)
  λ��: ����Ϊcom.meritdata.mdm.codecenter.domain.entity.CodeAllocation�ı��� allocation
[ERROR] /D:/dev/Projects/codecenter/src/main/java/com/meritdata/mdm/codecenter/application/service/CodeGenerateService.java:[178,27] �Ҳ�������
  ����:   ���� setDataId(<nulltype>)
  λ��: ����Ϊcom.meritdata.mdm.codecenter.domain.entity.CodeAllocation�ı��� allocation
[ERROR] /D:/dev/Projects/codecenter/src/main/java/com/meritdata/mdm/codecenter/application/service/CodeGenerateService.java:[179,27] �Ҳ�������
  ����:   ���� setConfirmTime(<nulltype>)
  λ��: ����Ϊcom.meritdata.mdm.codecenter.domain.entity.CodeAllocation�ı��� allocation
[ERROR] /D:/dev/Projects/codecenter/src/main/java/com/meritdata/mdm/codecenter/application/service/CodeGenerateService.java:[180,27] �Ҳ�������
  ����:   ���� setUsedTime(<nulltype>)
  λ��: ����Ϊcom.meritdata.mdm.codecenter.domain.entity.CodeAllocation�ı��� allocation
[ERROR] /D:/dev/Projects/codecenter/src/main/java/com/meritdata/mdm/codecenter/application/service/CodeGenerateService.java:[181,27] �Ҳ�������
  ����:   ���� setAllocateTime(java.time.LocalDateTime)
  λ��: ����Ϊcom.meritdata.mdm.codecenter.domain.entity.CodeAllocation�ı��� allocation
[ERROR] /D:/dev/Projects/codecenter/src/main/java/com/meritdata/mdm/codecenter/application/service/CodeGenerateService.java:[182,27] �Ҳ�������
  ����:   ���� setIsExposed(int)
  λ��: ����Ϊcom.meritdata.mdm.codecenter.domain.entity.CodeAllocation�ı��� allocation
[ERROR] /D:/dev/Projects/codecenter/src/main/java/com/meritdata/mdm/codecenter/application/service/CodeGenerateService.java:[184,69] �Ҳ�������
  ����:   ���� getSequenceNum()
  λ��: ����Ϊcom.meritdata.mdm.codecenter.infrastructure.segment.SegmentContext�ı��� ctx
[ERROR] /D:/dev/Projects/codecenter/src/main/java/com/meritdata/mdm/codecenter/application/service/CodeGenerateService.java:[184,98] �Ҳ�������
  ����:   ���� getId()
  λ��: ����Ϊcom.meritdata.mdm.codecenter.domain.entity.CodeAllocation�ı��� allocation
[ERROR] /D:/dev/Projects/codecenter/src/main/java/com/meritdata/mdm/codecenter/application/service/CodeGenerateService.java:[186,17] �Ҳ�������
  ����:   ���� log
  λ��: �� com.meritdata.mdm.codecenter.application.service.CodeGenerateService
[ERROR] /D:/dev/Projects/codecenter/src/main/java/com/meritdata/mdm/codecenter/application/service/CodeGenerateService.java:[197,108] �Ҳ�������
  ����:   ���� getId()
  λ��: ����Ϊcom.meritdata.mdm.codecenter.domain.entity.CodeRule�ı��� rule
[ERROR] /D:/dev/Projects/codecenter/src/main/java/com/meritdata/mdm/codecenter/application/service/CodeGenerateService.java:[206,65] �Ҳ�������
  ����:   ���� builder()
  λ��: �� com.meritdata.mdm.codecenter.application.dto.CodeGenerateRequest
[ERROR] /D:/dev/Projects/codecenter/src/main/java/com/meritdata/mdm/codecenter/application/service/CodeGenerateService.java:[207,41] �Ҳ�������
  ����:   ���� getModelId()
  λ��: ����Ϊcom.meritdata.mdm.codecenter.application.dto.BatchCodeGenerateRequest�ı��� request
[ERROR] /D:/dev/Projects/codecenter/src/main/java/com/meritdata/mdm/codecenter/application/service/CodeGenerateService.java:[208,41] �Ҳ�������
  ����:   ���� getFieldId()
  λ��: ����Ϊcom.meritdata.mdm.codecenter.application.dto.BatchCodeGenerateRequest�ı��� request
[ERROR] /D:/dev/Projects/codecenter/src/main/java/com/meritdata/mdm/codecenter/application/service/CodeGenerateService.java:[209,40] �Ҳ�������
  ����:   ���� getDataId()
  λ��: ����Ϊcom.meritdata.mdm.codecenter.application.dto.BatchCodeGenerateRequest�ı��� request
[ERROR] /D:/dev/Projects/codecenter/src/main/java/com/meritdata/mdm/codecenter/application/service/CodeGenerateService.java:[210,38] �Ҳ�������
  ����:   ���� getData()
  λ��: ����Ϊcom.meritdata.mdm.codecenter.application.dto.BatchCodeGenerateRequest�ı��� request
[ERROR] /D:/dev/Projects/codecenter/src/main/java/com/meritdata/mdm/codecenter/application/service/CodeGenerateService.java:[211,42] �Ҳ�������
  ����:   ���� getTenantId()
  λ��: ����Ϊcom.meritdata.mdm.codecenter.application.dto.BatchCodeGenerateRequest�ı��� request
[ERROR] /D:/dev/Projects/codecenter/src/main/java/com/meritdata/mdm/codecenter/application/service/CodeGenerateService.java:[224,69] �Ҳ�������
  ����:   ���� getSequenceNum()
  λ��: ����Ϊcom.meritdata.mdm.codecenter.infrastructure.segment.SegmentContext�ı��� ctx
[ERROR] /D:/dev/Projects/codecenter/src/main/java/com/meritdata/mdm/codecenter/application/service/CodeGenerateService.java:[224,98] �Ҳ�������
  ����:   ���� getId()
  λ��: ����Ϊcom.meritdata.mdm.codecenter.domain.entity.CodeAllocation�ı��� allocation
[ERROR] /D:/dev/Projects/codecenter/src/main/java/com/meritdata/mdm/codecenter/application/service/CodeGenerateService.java:[226,17] �Ҳ�������
  ����:   ���� log
  λ��: �� com.meritdata.mdm.codecenter.application.service.CodeGenerateService
[ERROR] /D:/dev/Projects/codecenter/src/main/java/com/meritdata/mdm/codecenter/application/service/CodeGenerateService.java:[230,9] �Ҳ�������
  ����:   ���� log
  λ��: �� com.meritdata.mdm.codecenter.application.service.CodeGenerateService
[ERROR] /D:/dev/Projects/codecenter/src/main/java/com/meritdata/mdm/codecenter/application/service/CodeGenerateService.java:[237,54] ����������Ч
  �Ҳ�������
    ����:   ���� getSegmentId()
    λ��: �� com.meritdata.mdm.codecenter.domain.entity.CodeRuleSegment
[ERROR] /D:/dev/Projects/codecenter/src/main/java/com/meritdata/mdm/codecenter/application/service/CodeGenerateService.java:[239,43] ����������Ч
  �Ҳ�������
    ����:   ���� getId()
    λ��: �� com.meritdata.mdm.codecenter.domain.entity.CodeSegment
[ERROR] /D:/dev/Projects/codecenter/src/main/java/com/meritdata/mdm/codecenter/application/service/CodeGenerateService.java:[244,41] �Ҳ�������
  ����:   ���� getModelId()
  λ��: ����Ϊcom.meritdata.mdm.codecenter.domain.entity.CodeRule�ı��� rule
[ERROR] /D:/dev/Projects/codecenter/src/main/java/com/meritdata/mdm/codecenter/application/service/CodeGenerateService.java:[244,67] �Ҳ�������
  ����:   ���� getEncodeFieldId()
  λ��: ����Ϊcom.meritdata.mdm.codecenter.domain.entity.CodeRule�ı��� rule
[ERROR] /D:/dev/Projects/codecenter/src/main/java/com/meritdata/mdm/codecenter/application/service/CodeGenerateService.java:[245,30] �Ҳ�������
  ����:   ���� builder()
  λ��: �� com.meritdata.mdm.codecenter.infrastructure.segment.SegmentContext
[ERROR] /D:/dev/Projects/codecenter/src/main/java/com/meritdata/mdm/codecenter/application/service/CodeGenerateService.java:[246,33] �Ҳ�������
  ����:   ���� getModelId()
  λ��: ����Ϊcom.meritdata.mdm.codecenter.application.dto.CodeGenerateRequest�ı��� request
[ERROR] /D:/dev/Projects/codecenter/src/main/java/com/meritdata/mdm/codecenter/application/service/CodeGenerateService.java:[247,33] �Ҳ�������
  ����:   ���� getFieldId()
  λ��: ����Ϊcom.meritdata.mdm.codecenter.application.dto.CodeGenerateRequest�ı��� request
[ERROR] /D:/dev/Projects/codecenter/src/main/java/com/meritdata/mdm/codecenter/application/service/CodeGenerateService.java:[248,30] �Ҳ�������
  ����:   ���� getData()
  λ��: ����Ϊcom.meritdata.mdm.codecenter.application.dto.CodeGenerateRequest�ı��� request
[ERROR] /D:/dev/Projects/codecenter/src/main/java/com/meritdata/mdm/codecenter/application/service/CodeGenerateService.java:[248,90] �Ҳ�������
  ����:   ���� getData()
  λ��: ����Ϊcom.meritdata.mdm.codecenter.application.dto.CodeGenerateRequest�ı��� request
[ERROR] /D:/dev/Projects/codecenter/src/main/java/com/meritdata/mdm/codecenter/application/service/CodeGenerateService.java:[249,34] �Ҳ�������
  ����:   ���� getTenantId()
  λ��: ����Ϊcom.meritdata.mdm.codecenter.application.dto.CodeGenerateRequest�ı��� request
[ERROR] /D:/dev/Projects/codecenter/src/main/java/com/meritdata/mdm/codecenter/application/service/CodeGenerateService.java:[263,41] �Ҳ�������
  ����:   ���� getModelId()
  λ��: ����Ϊcom.meritdata.mdm.codecenter.domain.entity.CodeRule�ı��� rule
[ERROR] /D:/dev/Projects/codecenter/src/main/java/com/meritdata/mdm/codecenter/application/service/CodeGenerateService.java:[263,67] �Ҳ�������
  ����:   ���� getEncodeFieldId()
  λ��: ����Ϊcom.meritdata.mdm.codecenter.domain.entity.CodeRule�ı��� rule
[ERROR] /D:/dev/Projects/codecenter/src/main/java/com/meritdata/mdm/codecenter/application/service/CodeGenerateService.java:[258,30] �Ҳ�������
  ����:   ���� builder()
  λ��: �� com.meritdata.mdm.codecenter.infrastructure.segment.SegmentContext
[ERROR] /D:/dev/Projects/codecenter/src/main/java/com/meritdata/mdm/codecenter/application/service/CodeGenerateService.java:[259,30] �Ҳ�������
  ����:   ���� getModelId()
  λ��: ����Ϊcom.meritdata.mdm.codecenter.domain.entity.CodeRule�ı��� rule
[ERROR] /D:/dev/Projects/codecenter/src/main/java/com/meritdata/mdm/codecenter/application/service/CodeGenerateService.java:[260,30] �Ҳ�������
  ����:   ���� getEncodeFieldId()
  λ��: ����Ϊcom.meritdata.mdm.codecenter.domain.entity.CodeRule�ı��� rule
[ERROR] /D:/dev/Projects/codecenter/src/main/java/com/meritdata/mdm/codecenter/application/service/CodeGenerateService.java:[261,30] �Ҳ�������
  ����:   ���� getData()
  λ��: ����Ϊcom.meritdata.mdm.codecenter.application.dto.BatchCodeGenerateRequest�ı��� request
[ERROR] /D:/dev/Projects/codecenter/src/main/java/com/meritdata/mdm/codecenter/application/service/CodeGenerateService.java:[261,90] �Ҳ�������
  ����:   ���� getData()
  λ��: ����Ϊcom.meritdata.mdm.codecenter.application.dto.BatchCodeGenerateRequest�ı��� request
[ERROR] /D:/dev/Projects/codecenter/src/main/java/com/meritdata/mdm/codecenter/application/service/CodeGenerateService.java:[262,34] �Ҳ�������
  ����:   ���� getTenantId()
  λ��: ����Ϊcom.meritdata.mdm.codecenter.application.dto.BatchCodeGenerateRequest�ı��� request
[ERROR] /D:/dev/Projects/codecenter/src/main/java/com/meritdata/mdm/codecenter/application/service/CodeGenerateService.java:[265,40] �Ҳ�������
  ����:   ���� getSequenceNum()
  λ��: ����Ϊcom.meritdata.mdm.codecenter.domain.entity.CodeAllocation�ı��� allocation
[ERROR] /D:/dev/Projects/codecenter/src/main/java/com/meritdata/mdm/codecenter/application/service/CodeGenerateService.java:[273,17] �Ҳ�������
  ����:   ���� getGroovyScript()
  λ��: ����Ϊcom.meritdata.mdm.codecenter.domain.entity.CodeRule�ı��� rule
[ERROR] /D:/dev/Projects/codecenter/src/main/java/com/meritdata/mdm/codecenter/application/service/CodeGenerateService.java:[273,52] �Ҳ�������
  ����:   ���� getGroovyScript()
  λ��: ����Ϊcom.meritdata.mdm.codecenter.domain.entity.CodeRule�ı��� rule
[ERROR] /D:/dev/Projects/codecenter/src/main/java/com/meritdata/mdm/codecenter/application/service/CodeGenerateService.java:[274,24] �Ҳ�������
  ����:   ���� getRuleMode()
  λ��: ����Ϊcom.meritdata.mdm.codecenter.domain.entity.CodeRule�ı��� rule
[ERROR] /D:/dev/Projects/codecenter/src/main/java/com/meritdata/mdm/codecenter/application/service/CodeGenerateService.java:[275,51] �Ҳ�������
  ����:   ���� getGroovyScript()
  λ��: ����Ϊcom.meritdata.mdm.codecenter.domain.entity.CodeRule�ı��� rule
[ERROR] /D:/dev/Projects/codecenter/src/main/java/com/meritdata/mdm/codecenter/application/service/CodeGenerateService.java:[276,24] �Ҳ�������
  ����:   ���� getData()
  λ��: ����Ϊcom.meritdata.mdm.codecenter.infrastructure.segment.SegmentContext�ı��� ctx
[ERROR] /D:/dev/Projects/codecenter/src/main/java/com/meritdata/mdm/codecenter/application/service/CodeGenerateService.java:[276,80] �Ҳ�������
  ����:   ���� getData()
  λ��: ����Ϊcom.meritdata.mdm.codecenter.infrastructure.segment.SegmentContext�ı��� ctx
[ERROR] /D:/dev/Projects/codecenter/src/main/java/com/meritdata/mdm/codecenter/application/service/CodeGenerateService.java:[280,60] �Ҳ�������
  ����:   ���� getDslTemplate()
  λ��: ����Ϊcom.meritdata.mdm.codecenter.domain.entity.CodeRule�ı��� rule
[ERROR] /D:/dev/Projects/codecenter/src/main/java/com/meritdata/mdm/codecenter/application/service/CodeGenerateService.java:[286,51] �Ҳ�������
  ����:   ���� builder()
  λ��: �� com.meritdata.mdm.codecenter.domain.entity.CodeAllocation
[ERROR] /D:/dev/Projects/codecenter/src/main/java/com/meritdata/mdm/codecenter/application/service/CodeGenerateService.java:[288,29] �Ҳ�������
  ����:   ���� getId()
  λ��: ����Ϊcom.meritdata.mdm.codecenter.domain.entity.CodeRule�ı��� rule
[ERROR] /D:/dev/Projects/codecenter/src/main/java/com/meritdata/mdm/codecenter/application/service/CodeGenerateService.java:[289,36] �Ҳ�������
  ����:   ���� getId()
  λ��: ����Ϊcom.meritdata.mdm.codecenter.domain.entity.CodeRule�ı��� rule
[ERROR] /D:/dev/Projects/codecenter/src/main/java/com/meritdata/mdm/codecenter/application/service/CodeGenerateService.java:[291,33] �Ҳ�������
  ����:   ���� getSequenceNum()
  λ��: ����Ϊcom.meritdata.mdm.codecenter.infrastructure.segment.SegmentContext�ı��� ctx
[ERROR] /D:/dev/Projects/codecenter/src/main/java/com/meritdata/mdm/codecenter/application/service/CodeGenerateService.java:[295,28] �Ҳ�������
  ����:   ���� getDataId()
  λ��: ����Ϊcom.meritdata.mdm.codecenter.application.dto.CodeGenerateRequest�ı��� req
[ERROR] /D:/dev/Projects/codecenter/src/main/java/com/meritdata/mdm/codecenter/application/service/CodeGenerateService.java:[297,30] �Ҳ�������
  ����:   ���� getTenantId()
  λ��: ����Ϊcom.meritdata.mdm.codecenter.application.dto.CodeGenerateRequest�ı��� req
[ERROR] /D:/dev/Projects/codecenter/src/main/java/com/meritdata/mdm/codecenter/application/service/CodeGenerateService.java:[307,35] �Ҳ�������
  ����:   ���� getModelId()
  λ��: ����Ϊcom.meritdata.mdm.codecenter.infrastructure.segment.SegmentContext�ı��� ctx
[ERROR] /D:/dev/Projects/codecenter/src/main/java/com/meritdata/mdm/codecenter/application/service/CodeGenerateService.java:[308,35] �Ҳ�������
  ����:   ���� getFieldId()
  λ��: ����Ϊcom.meritdata.mdm.codecenter.infrastructure.segment.SegmentContext�ı��� ctx
[ERROR] /D:/dev/Projects/codecenter/src/main/java/com/meritdata/mdm/codecenter/application/service/CodeGenerateService.java:[309,38] �Ҳ�������
  ����:   ���� getBaseBizTag()
  λ��: ����Ϊcom.meritdata.mdm.codecenter.infrastructure.segment.SegmentContext�ı��� ctx
[ERROR] /D:/dev/Projects/codecenter/src/main/java/com/meritdata/mdm/codecenter/application/service/CodeGenerateService.java:[310,39] �Ҳ�������
  ����:   ���� getSequenceNum()
  λ��: ����Ϊcom.meritdata.mdm.codecenter.infrastructure.segment.SegmentContext�ı��� ctx
[ERROR] /D:/dev/Projects/codecenter/src/main/java/com/meritdata/mdm/codecenter/infrastructure/dedup/CodeDedupService.java:[55,21] �Ҳ�������
  ����:   ���� log
  λ��: �� com.meritdata.mdm.codecenter.infrastructure.dedup.CodeDedupService
[INFO] 100 errors 
[INFO] -------------------------------------------------------------
[DEBUG] Adding D:\dev\Projects\codecenter\target\generated-sources\annotations to the project compile source roots but NOT the actual compile source roots:
  D:\dev\Projects\codecenter\src\main\java
[INFO] ------------------------------------------------------------------------
[INFO] BUILD FAILURE
[INFO] ------------------------------------------------------------------------
[INFO] Total time:  5.201 s
[INFO] Finished at: 2026-06-27T21:38:02+08:00
[INFO] ------------------------------------------------------------------------
[ERROR] Failed to execute goal org.apache.maven.plugins:maven-compiler-plugin:3.14.1:compile (default-compile) on project codecenter: Compilation failure: Compilation failure: 
[ERROR] /D:/dev/Projects/codecenter/src/main/java/com/meritdata/mdm/codecenter/application/service/WaterMarkService.java:[43,29] ��ע�ӿڲ������ڴ����͵�����
[ERROR] /D:/dev/Projects/codecenter/src/main/java/com/meritdata/mdm/codecenter/application/dto/CodeGenerateResponse.java:[20,36] �Ҳ�������
[ERROR]   ����:   ���� builder()
[ERROR]   λ��: �� com.meritdata.mdm.codecenter.application.dto.CodeGenerateResponse
[ERROR] /D:/dev/Projects/codecenter/src/main/java/com/meritdata/mdm/codecenter/application/dto/CodeGenerateResponse.java:[28,36] �Ҳ�������
[ERROR]   ����:   ���� builder()
[ERROR]   λ��: �� com.meritdata.mdm.codecenter.application.dto.CodeGenerateResponse
[ERROR] /D:/dev/Projects/codecenter/src/main/java/com/meritdata/mdm/codecenter/application/service/AuditLogService.java:[31,46] �Ҳ�������
[ERROR]   ����:   ���� builder()
[ERROR]   λ��: �� com.meritdata.mdm.codecenter.domain.entity.ModelAuditLog
[ERROR] /D:/dev/Projects/codecenter/src/main/java/com/meritdata/mdm/codecenter/application/service/AuditLogService.java:[48,13] �Ҳ�������
[ERROR]   ����:   ���� log
[ERROR]   λ��: �� com.meritdata.mdm.codecenter.application.service.AuditLogService
[ERROR] /D:/dev/Projects/codecenter/src/main/java/com/meritdata/mdm/codecenter/application/service/CodeGenerateService.java:[81,28] �Ҳ�������
[ERROR]   ����:   ���� getModelId()
[ERROR]   λ��: ����Ϊcom.meritdata.mdm.codecenter.application.dto.CodeGenerateRequest�ı��� request
[ERROR] /D:/dev/Projects/codecenter/src/main/java/com/meritdata/mdm/codecenter/application/service/CodeGenerateService.java:[81,50] �Ҳ�������
[ERROR]   ����:   ���� getFieldId()
[ERROR]   λ��: ����Ϊcom.meritdata.mdm.codecenter.application.dto.CodeGenerateRequest�ı��� request
[ERROR] /D:/dev/Projects/codecenter/src/main/java/com/meritdata/mdm/codecenter/application/service/CodeGenerateService.java:[83,47] �Ҳ�������
[ERROR]   ����:   ���� getModelId()
[ERROR]   λ��: ����Ϊcom.meritdata.mdm.codecenter.application.dto.CodeGenerateRequest�ı��� request
[ERROR] /D:/dev/Projects/codecenter/src/main/java/com/meritdata/mdm/codecenter/application/service/CodeGenerateService.java:[83,82] �Ҳ�������
[ERROR]   ����:   ���� getFieldId()
[ERROR]   λ��: ����Ϊcom.meritdata.mdm.codecenter.application.dto.CodeGenerateRequest�ı��� request
[ERROR] /D:/dev/Projects/codecenter/src/main/java/com/meritdata/mdm/codecenter/application/service/CodeGenerateService.java:[87,58] �Ҳ�������
[ERROR]   ����:   ���� getId()
[ERROR]   λ��: ����Ϊcom.meritdata.mdm.codecenter.domain.entity.CodeRule�ı��� rule
[ERROR] /D:/dev/Projects/codecenter/src/main/java/com/meritdata/mdm/codecenter/application/service/CodeGenerateService.java:[105,13] �Ҳ�������
[ERROR]   ����:   ���� log
[ERROR]   λ��: �� com.meritdata.mdm.codecenter.application.service.CodeGenerateService
[ERROR] /D:/dev/Projects/codecenter/src/main/java/com/meritdata/mdm/codecenter/application/service/CodeGenerateService.java:[106,34] �Ҳ�������
[ERROR]   ����:   ���� getSequenceNum()
[ERROR]   λ��: ����Ϊcom.meritdata.mdm.codecenter.infrastructure.segment.SegmentContext�ı��� context
[ERROR] /D:/dev/Projects/codecenter/src/main/java/com/meritdata/mdm/codecenter/application/service/CodeGenerateService.java:[106,57] �Ҳ�������
[ERROR]   ����:   ���� getId()
[ERROR]   λ��: ����Ϊcom.meritdata.mdm.codecenter.domain.entity.CodeRule�ı��� rule
[ERROR] /D:/dev/Projects/codecenter/src/main/java/com/meritdata/mdm/codecenter/application/service/CodeGenerateService.java:[107,62] �Ҳ�������
[ERROR]   ����:   ���� getSequenceNum()
[ERROR]   λ��: ����Ϊcom.meritdata.mdm.codecenter.infrastructure.segment.SegmentContext�ı��� context
[ERROR] /D:/dev/Projects/codecenter/src/main/java/com/meritdata/mdm/codecenter/application/service/CodeGenerateService.java:[107,91] �Ҳ�������
[ERROR]   ����:   ���� getId()
[ERROR]   λ��: ����Ϊcom.meritdata.mdm.codecenter.domain.entity.CodeAllocation�ı��� allocation
[ERROR] /D:/dev/Projects/codecenter/src/main/java/com/meritdata/mdm/codecenter/application/service/CodeGenerateService.java:[110,13] �Ҳ�������
[ERROR]   ����:   ���� log
[ERROR]   λ��: �� com.meritdata.mdm.codecenter.application.service.CodeGenerateService
[ERROR] /D:/dev/Projects/codecenter/src/main/java/com/meritdata/mdm/codecenter/application/service/CodeGenerateService.java:[111,47] �Ҳ�������
[ERROR]   ����:   ���� getErrorCode()
[ERROR]   λ��: ����Ϊcom.meritdata.mdm.codecenter.common.exception.BizException�ı��� e
[ERROR] /D:/dev/Projects/codecenter/src/main/java/com/meritdata/mdm/codecenter/application/service/CodeGenerateService.java:[113,13] �Ҳ�������
[ERROR]   ����:   ���� log
[ERROR]   λ��: �� com.meritdata.mdm.codecenter.application.service.CodeGenerateService
[ERROR] /D:/dev/Projects/codecenter/src/main/java/com/meritdata/mdm/codecenter/application/service/CodeGenerateService.java:[114,28] �Ҳ�������
[ERROR]   ����:   ���� getModelId()
[ERROR]   λ��: ����Ϊcom.meritdata.mdm.codecenter.application.dto.CodeGenerateRequest�ı��� request
[ERROR] /D:/dev/Projects/codecenter/src/main/java/com/meritdata/mdm/codecenter/application/service/CodeGenerateService.java:[114,50] �Ҳ�������
[ERROR]   ����:   ���� getFieldId()
[ERROR]   λ��: ����Ϊcom.meritdata.mdm.codecenter.application.dto.CodeGenerateRequest�ı��� request
[ERROR] /D:/dev/Projects/codecenter/src/main/java/com/meritdata/mdm/codecenter/application/service/CodeGenerateService.java:[123,28] �Ҳ�������
[ERROR]   ����:   ���� getCount()
[ERROR]   λ��: ����Ϊcom.meritdata.mdm.codecenter.application.dto.BatchCodeGenerateRequest�ı��� request
[ERROR] /D:/dev/Projects/codecenter/src/main/java/com/meritdata/mdm/codecenter/application/service/CodeGenerateService.java:[123,70] �Ҳ�������
[ERROR]   ����:   ���� getCount()
[ERROR]   λ��: ����Ϊcom.meritdata.mdm.codecenter.application.dto.BatchCodeGenerateRequest�ı��� request
[ERROR] /D:/dev/Projects/codecenter/src/main/java/com/meritdata/mdm/codecenter/application/service/CodeGenerateService.java:[129,24] �Ҳ�������
[ERROR]   ����:   ���� getModelId()
[ERROR]   λ��: ����Ϊcom.meritdata.mdm.codecenter.application.dto.BatchCodeGenerateRequest�ı��� request
[ERROR] /D:/dev/Projects/codecenter/src/main/java/com/meritdata/mdm/codecenter/application/service/CodeGenerateService.java:[129,46] �Ҳ�������
[ERROR]   ����:   ���� getFieldId()
[ERROR]   λ��: ����Ϊcom.meritdata.mdm.codecenter.application.dto.BatchCodeGenerateRequest�ı��� request
[ERROR] /D:/dev/Projects/codecenter/src/main/java/com/meritdata/mdm/codecenter/application/service/CodeGenerateService.java:[130,80] �Ҳ�������
[ERROR]   ����:   ���� getModelId()
[ERROR]   λ��: ����Ϊcom.meritdata.mdm.codecenter.application.dto.BatchCodeGenerateRequest�ı��� request
[ERROR] /D:/dev/Projects/codecenter/src/main/java/com/meritdata/mdm/codecenter/application/service/CodeGenerateService.java:[130,115] �Ҳ�������
[ERROR]   ����:   ���� getFieldId()
[ERROR]   λ��: ����Ϊcom.meritdata.mdm.codecenter.application.dto.BatchCodeGenerateRequest�ı��� request
[ERROR] /D:/dev/Projects/codecenter/src/main/java/com/meritdata/mdm/codecenter/application/service/CodeGenerateService.java:[134,21] �Ҳ�������
[ERROR]   ����:   ���� getId()
[ERROR]   λ��: ����Ϊcom.meritdata.mdm.codecenter.domain.entity.CodeRule�ı��� rule
[ERROR] /D:/dev/Projects/codecenter/src/main/java/com/meritdata/mdm/codecenter/application/service/CodeGenerateService.java:[137,13] �Ҳ�������
[ERROR]   ����:   ���� log
[ERROR]   λ��: �� com.meritdata.mdm.codecenter.application.service.CodeGenerateService
[ERROR] /D:/dev/Projects/codecenter/src/main/java/com/meritdata/mdm/codecenter/application/service/CodeGenerateService.java:[140,13] �Ҳ�������
[ERROR]   ����:   ���� log
[ERROR]   λ��: �� com.meritdata.mdm.codecenter.application.service.CodeGenerateService
[ERROR] /D:/dev/Projects/codecenter/src/main/java/com/meritdata/mdm/codecenter/application/service/CodeGenerateService.java:[147,108] �Ҳ�������
[ERROR]   ����:   ���� getId()
[ERROR]   λ��: ����Ϊcom.meritdata.mdm.codecenter.domain.entity.CodeRule�ı��� rule
[ERROR] /D:/dev/Projects/codecenter/src/main/java/com/meritdata/mdm/codecenter/application/service/CodeGenerateService.java:[156,65] �Ҳ�������
[ERROR]   ����:   ���� builder()
[ERROR]   λ��: �� com.meritdata.mdm.codecenter.application.dto.CodeGenerateRequest
[ERROR] /D:/dev/Projects/codecenter/src/main/java/com/meritdata/mdm/codecenter/application/service/CodeGenerateService.java:[157,41] �Ҳ�������
[ERROR]   ����:   ���� getModelId()
[ERROR]   λ��: ����Ϊcom.meritdata.mdm.codecenter.application.dto.BatchCodeGenerateRequest�ı��� request
[ERROR] /D:/dev/Projects/codecenter/src/main/java/com/meritdata/mdm/codecenter/application/service/CodeGenerateService.java:[158,41] �Ҳ�������
[ERROR]   ����:   ���� getFieldId()
[ERROR]   λ��: ����Ϊcom.meritdata.mdm.codecenter.application.dto.BatchCodeGenerateRequest�ı��� request
[ERROR] /D:/dev/Projects/codecenter/src/main/java/com/meritdata/mdm/codecenter/application/service/CodeGenerateService.java:[159,40] �Ҳ�������
[ERROR]   ����:   ���� getDataId()
[ERROR]   λ��: ����Ϊcom.meritdata.mdm.codecenter.application.dto.BatchCodeGenerateRequest�ı��� request
[ERROR] /D:/dev/Projects/codecenter/src/main/java/com/meritdata/mdm/codecenter/application/service/CodeGenerateService.java:[160,38] �Ҳ�������
[ERROR]   ����:   ���� getData()
[ERROR]   λ��: ����Ϊcom.meritdata.mdm.codecenter.application.dto.BatchCodeGenerateRequest�ı��� request
[ERROR] /D:/dev/Projects/codecenter/src/main/java/com/meritdata/mdm/codecenter/application/service/CodeGenerateService.java:[161,42] �Ҳ�������
[ERROR]   ����:   ���� getTenantId()
[ERROR]   λ��: ����Ϊcom.meritdata.mdm.codecenter.application.dto.BatchCodeGenerateRequest�ı��� request
[ERROR] /D:/dev/Projects/codecenter/src/main/java/com/meritdata/mdm/codecenter/application/service/CodeGenerateService.java:[170,27] �Ҳ�������
[ERROR]   ����:   ���� setCode(java.lang.String)
[ERROR]   λ��: ����Ϊcom.meritdata.mdm.codecenter.domain.entity.CodeAllocation�ı��� allocation
[ERROR] /D:/dev/Projects/codecenter/src/main/java/com/meritdata/mdm/codecenter/application/service/CodeGenerateService.java:[171,46] �Ҳ�������
[ERROR]   ����:   ���� getSequenceNum()
[ERROR]   λ��: ����Ϊcom.meritdata.mdm.codecenter.infrastructure.segment.SegmentContext�ı��� ctx
[ERROR] /D:/dev/Projects/codecenter/src/main/java/com/meritdata/mdm/codecenter/application/service/CodeGenerateService.java:[172,27] �Ҳ�������
[ERROR]   ����:   ���� setSegmentValues(java.lang.String)
[ERROR]   λ��: ����Ϊcom.meritdata.mdm.codecenter.domain.entity.CodeAllocation�ı��� allocation
[ERROR] /D:/dev/Projects/codecenter/src/main/java/com/meritdata/mdm/codecenter/application/service/CodeGenerateService.java:[173,27] �Ҳ�������
[ERROR]   ����:   ���� setStatus(com.meritdata.mdm.codecenter.domain.enums.AllocationStatus)
[ERROR]   λ��: ����Ϊcom.meritdata.mdm.codecenter.domain.entity.CodeAllocation�ı��� allocation
[ERROR] /D:/dev/Projects/codecenter/src/main/java/com/meritdata/mdm/codecenter/application/service/CodeGenerateService.java:[174,27] �Ҳ�������
[ERROR]   ����:   ���� setCancelTime(<nulltype>)
[ERROR]   λ��: ����Ϊcom.meritdata.mdm.codecenter.domain.entity.CodeAllocation�ı��� allocation
[ERROR] /D:/dev/Projects/codecenter/src/main/java/com/meritdata/mdm/codecenter/application/service/CodeGenerateService.java:[175,27] �Ҳ�������
[ERROR]   ����:   ���� setRecycleTime(<nulltype>)
[ERROR]   λ��: ����Ϊcom.meritdata.mdm.codecenter.domain.entity.CodeAllocation�ı��� allocation
[ERROR] /D:/dev/Projects/codecenter/src/main/java/com/meritdata/mdm/codecenter/application/service/CodeGenerateService.java:[176,27] �Ҳ�������
[ERROR]   ����:   ���� setRecycleLockTime(<nulltype>)
[ERROR]   λ��: ����Ϊcom.meritdata.mdm.codecenter.domain.entity.CodeAllocation�ı��� allocation
[ERROR] /D:/dev/Projects/codecenter/src/main/java/com/meritdata/mdm/codecenter/application/service/CodeGenerateService.java:[177,27] �Ҳ�������
[ERROR]   ����:   ���� setWasteType(<nulltype>)
[ERROR]   λ��: ����Ϊcom.meritdata.mdm.codecenter.domain.entity.CodeAllocation�ı��� allocation
[ERROR] /D:/dev/Projects/codecenter/src/main/java/com/meritdata/mdm/codecenter/application/service/CodeGenerateService.java:[178,27] �Ҳ�������
[ERROR]   ����:   ���� setDataId(<nulltype>)
[ERROR]   λ��: ����Ϊcom.meritdata.mdm.codecenter.domain.entity.CodeAllocation�ı��� allocation
[ERROR] /D:/dev/Projects/codecenter/src/main/java/com/meritdata/mdm/codecenter/application/service/CodeGenerateService.java:[179,27] �Ҳ�������
[ERROR]   ����:   ���� setConfirmTime(<nulltype>)
[ERROR]   λ��: ����Ϊcom.meritdata.mdm.codecenter.domain.entity.CodeAllocation�ı��� allocation
[ERROR] /D:/dev/Projects/codecenter/src/main/java/com/meritdata/mdm/codecenter/application/service/CodeGenerateService.java:[180,27] �Ҳ�������
[ERROR]   ����:   ���� setUsedTime(<nulltype>)
[ERROR]   λ��: ����Ϊcom.meritdata.mdm.codecenter.domain.entity.CodeAllocation�ı��� allocation
[ERROR] /D:/dev/Projects/codecenter/src/main/java/com/meritdata/mdm/codecenter/application/service/CodeGenerateService.java:[181,27] �Ҳ�������
[ERROR]   ����:   ���� setAllocateTime(java.time.LocalDateTime)
[ERROR]   λ��: ����Ϊcom.meritdata.mdm.codecenter.domain.entity.CodeAllocation�ı��� allocation
[ERROR] /D:/dev/Projects/codecenter/src/main/java/com/meritdata/mdm/codecenter/application/service/CodeGenerateService.java:[182,27] �Ҳ�������
[ERROR]   ����:   ���� setIsExposed(int)
[ERROR]   λ��: ����Ϊcom.meritdata.mdm.codecenter.domain.entity.CodeAllocation�ı��� allocation
[ERROR] /D:/dev/Projects/codecenter/src/main/java/com/meritdata/mdm/codecenter/application/service/CodeGenerateService.java:[184,69] �Ҳ�������
[ERROR]   ����:   ���� getSequenceNum()
[ERROR]   λ��: ����Ϊcom.meritdata.mdm.codecenter.infrastructure.segment.SegmentContext�ı��� ctx
[ERROR] /D:/dev/Projects/codecenter/src/main/java/com/meritdata/mdm/codecenter/application/service/CodeGenerateService.java:[184,98] �Ҳ�������
[ERROR]   ����:   ���� getId()
[ERROR]   λ��: ����Ϊcom.meritdata.mdm.codecenter.domain.entity.CodeAllocation�ı��� allocation
[ERROR] /D:/dev/Projects/codecenter/src/main/java/com/meritdata/mdm/codecenter/application/service/CodeGenerateService.java:[186,17] �Ҳ�������
[ERROR]   ����:   ���� log
[ERROR]   λ��: �� com.meritdata.mdm.codecenter.application.service.CodeGenerateService
[ERROR] /D:/dev/Projects/codecenter/src/main/java/com/meritdata/mdm/codecenter/application/service/CodeGenerateService.java:[197,108] �Ҳ�������
[ERROR]   ����:   ���� getId()
[ERROR]   λ��: ����Ϊcom.meritdata.mdm.codecenter.domain.entity.CodeRule�ı��� rule
[ERROR] /D:/dev/Projects/codecenter/src/main/java/com/meritdata/mdm/codecenter/application/service/CodeGenerateService.java:[206,65] �Ҳ�������
[ERROR]   ����:   ���� builder()
[ERROR]   λ��: �� com.meritdata.mdm.codecenter.application.dto.CodeGenerateRequest
[ERROR] /D:/dev/Projects/codecenter/src/main/java/com/meritdata/mdm/codecenter/application/service/CodeGenerateService.java:[207,41] �Ҳ�������
[ERROR]   ����:   ���� getModelId()
[ERROR]   λ��: ����Ϊcom.meritdata.mdm.codecenter.application.dto.BatchCodeGenerateRequest�ı��� request
[ERROR] /D:/dev/Projects/codecenter/src/main/java/com/meritdata/mdm/codecenter/application/service/CodeGenerateService.java:[208,41] �Ҳ�������
[ERROR]   ����:   ���� getFieldId()
[ERROR]   λ��: ����Ϊcom.meritdata.mdm.codecenter.application.dto.BatchCodeGenerateRequest�ı��� request
[ERROR] /D:/dev/Projects/codecenter/src/main/java/com/meritdata/mdm/codecenter/application/service/CodeGenerateService.java:[209,40] �Ҳ�������
[ERROR]   ����:   ���� getDataId()
[ERROR]   λ��: ����Ϊcom.meritdata.mdm.codecenter.application.dto.BatchCodeGenerateRequest�ı��� request
[ERROR] /D:/dev/Projects/codecenter/src/main/java/com/meritdata/mdm/codecenter/application/service/CodeGenerateService.java:[210,38] �Ҳ�������
[ERROR]   ����:   ���� getData()
[ERROR]   λ��: ����Ϊcom.meritdata.mdm.codecenter.application.dto.BatchCodeGenerateRequest�ı��� request
[ERROR] /D:/dev/Projects/codecenter/src/main/java/com/meritdata/mdm/codecenter/application/service/CodeGenerateService.java:[211,42] �Ҳ�������
[ERROR]   ����:   ���� getTenantId()
[ERROR]   λ��: ����Ϊcom.meritdata.mdm.codecenter.application.dto.BatchCodeGenerateRequest�ı��� request
[ERROR] /D:/dev/Projects/codecenter/src/main/java/com/meritdata/mdm/codecenter/application/service/CodeGenerateService.java:[224,69] �Ҳ�������
[ERROR]   ����:   ���� getSequenceNum()
[ERROR]   λ��: ����Ϊcom.meritdata.mdm.codecenter.infrastructure.segment.SegmentContext�ı��� ctx
[ERROR] /D:/dev/Projects/codecenter/src/main/java/com/meritdata/mdm/codecenter/application/service/CodeGenerateService.java:[224,98] �Ҳ�������
[ERROR]   ����:   ���� getId()
[ERROR]   λ��: ����Ϊcom.meritdata.mdm.codecenter.domain.entity.CodeAllocation�ı��� allocation
[ERROR] /D:/dev/Projects/codecenter/src/main/java/com/meritdata/mdm/codecenter/application/service/CodeGenerateService.java:[226,17] �Ҳ�������
[ERROR]   ����:   ���� log
[ERROR]   λ��: �� com.meritdata.mdm.codecenter.application.service.CodeGenerateService
[ERROR] /D:/dev/Projects/codecenter/src/main/java/com/meritdata/mdm/codecenter/application/service/CodeGenerateService.java:[230,9] �Ҳ�������
[ERROR]   ����:   ���� log
[ERROR]   λ��: �� com.meritdata.mdm.codecenter.application.service.CodeGenerateService
[ERROR] /D:/dev/Projects/codecenter/src/main/java/com/meritdata/mdm/codecenter/application/service/CodeGenerateService.java:[237,54] ����������Ч
[ERROR]   �Ҳ�������
[ERROR]     ����:   ���� getSegmentId()
[ERROR]     λ��: �� com.meritdata.mdm.codecenter.domain.entity.CodeRuleSegment
[ERROR] /D:/dev/Projects/codecenter/src/main/java/com/meritdata/mdm/codecenter/application/service/CodeGenerateService.java:[239,43] ����������Ч
[ERROR]   �Ҳ�������
[ERROR]     ����:   ���� getId()
[ERROR]     λ��: �� com.meritdata.mdm.codecenter.domain.entity.CodeSegment
[ERROR] /D:/dev/Projects/codecenter/src/main/java/com/meritdata/mdm/codecenter/application/service/CodeGenerateService.java:[244,41] �Ҳ�������
[ERROR]   ����:   ���� getModelId()
[ERROR]   λ��: ����Ϊcom.meritdata.mdm.codecenter.domain.entity.CodeRule�ı��� rule
[ERROR] /D:/dev/Projects/codecenter/src/main/java/com/meritdata/mdm/codecenter/application/service/CodeGenerateService.java:[244,67] �Ҳ�������
[ERROR]   ����:   ���� getEncodeFieldId()
[ERROR]   λ��: ����Ϊcom.meritdata.mdm.codecenter.domain.entity.CodeRule�ı��� rule
[ERROR] /D:/dev/Projects/codecenter/src/main/java/com/meritdata/mdm/codecenter/application/service/CodeGenerateService.java:[245,30] �Ҳ�������
[ERROR]   ����:   ���� builder()
[ERROR]   λ��: �� com.meritdata.mdm.codecenter.infrastructure.segment.SegmentContext
[ERROR] /D:/dev/Projects/codecenter/src/main/java/com/meritdata/mdm/codecenter/application/service/CodeGenerateService.java:[246,33] �Ҳ�������
[ERROR]   ����:   ���� getModelId()
[ERROR]   λ��: ����Ϊcom.meritdata.mdm.codecenter.application.dto.CodeGenerateRequest�ı��� request
[ERROR] /D:/dev/Projects/codecenter/src/main/java/com/meritdata/mdm/codecenter/application/service/CodeGenerateService.java:[247,33] �Ҳ�������
[ERROR]   ����:   ���� getFieldId()
[ERROR]   λ��: ����Ϊcom.meritdata.mdm.codecenter.application.dto.CodeGenerateRequest�ı��� request
[ERROR] /D:/dev/Projects/codecenter/src/main/java/com/meritdata/mdm/codecenter/application/service/CodeGenerateService.java:[248,30] �Ҳ�������
[ERROR]   ����:   ���� getData()
[ERROR]   λ��: ����Ϊcom.meritdata.mdm.codecenter.application.dto.CodeGenerateRequest�ı��� request
[ERROR] /D:/dev/Projects/codecenter/src/main/java/com/meritdata/mdm/codecenter/application/service/CodeGenerateService.java:[248,90] �Ҳ�������
[ERROR]   ����:   ���� getData()
[ERROR]   λ��: ����Ϊcom.meritdata.mdm.codecenter.application.dto.CodeGenerateRequest�ı��� request
[ERROR] /D:/dev/Projects/codecenter/src/main/java/com/meritdata/mdm/codecenter/application/service/CodeGenerateService.java:[249,34] �Ҳ�������
[ERROR]   ����:   ���� getTenantId()
[ERROR]   λ��: ����Ϊcom.meritdata.mdm.codecenter.application.dto.CodeGenerateRequest�ı��� request
[ERROR] /D:/dev/Projects/codecenter/src/main/java/com/meritdata/mdm/codecenter/application/service/CodeGenerateService.java:[263,41] �Ҳ�������
[ERROR]   ����:   ���� getModelId()
[ERROR]   λ��: ����Ϊcom.meritdata.mdm.codecenter.domain.entity.CodeRule�ı��� rule
[ERROR] /D:/dev/Projects/codecenter/src/main/java/com/meritdata/mdm/codecenter/application/service/CodeGenerateService.java:[263,67] �Ҳ�������
[ERROR]   ����:   ���� getEncodeFieldId()
[ERROR]   λ��: ����Ϊcom.meritdata.mdm.codecenter.domain.entity.CodeRule�ı��� rule
[ERROR] /D:/dev/Projects/codecenter/src/main/java/com/meritdata/mdm/codecenter/application/service/CodeGenerateService.java:[258,30] �Ҳ�������
[ERROR]   ����:   ���� builder()
[ERROR]   λ��: �� com.meritdata.mdm.codecenter.infrastructure.segment.SegmentContext
[ERROR] /D:/dev/Projects/codecenter/src/main/java/com/meritdata/mdm/codecenter/application/service/CodeGenerateService.java:[259,30] �Ҳ�������
[ERROR]   ����:   ���� getModelId()
[ERROR]   λ��: ����Ϊcom.meritdata.mdm.codecenter.domain.entity.CodeRule�ı��� rule
[ERROR] /D:/dev/Projects/codecenter/src/main/java/com/meritdata/mdm/codecenter/application/service/CodeGenerateService.java:[260,30] �Ҳ�������
[ERROR]   ����:   ���� getEncodeFieldId()
[ERROR]   λ��: ����Ϊcom.meritdata.mdm.codecenter.domain.entity.CodeRule�ı��� rule
[ERROR] /D:/dev/Projects/codecenter/src/main/java/com/meritdata/mdm/codecenter/application/service/CodeGenerateService.java:[261,30] �Ҳ�������
[ERROR]   ����:   ���� getData()
[ERROR]   λ��: ����Ϊcom.meritdata.mdm.codecenter.application.dto.BatchCodeGenerateRequest�ı��� request
[ERROR] /D:/dev/Projects/codecenter/src/main/java/com/meritdata/mdm/codecenter/application/service/CodeGenerateService.java:[261,90] �Ҳ�������
[ERROR]   ����:   ���� getData()
[ERROR]   λ��: ����Ϊcom.meritdata.mdm.codecenter.application.dto.BatchCodeGenerateRequest�ı��� request
[ERROR] /D:/dev/Projects/codecenter/src/main/java/com/meritdata/mdm/codecenter/application/service/CodeGenerateService.java:[262,34] �Ҳ�������
[ERROR]   ����:   ���� getTenantId()
[ERROR]   λ��: ����Ϊcom.meritdata.mdm.codecenter.application.dto.BatchCodeGenerateRequest�ı��� request
[ERROR] /D:/dev/Projects/codecenter/src/main/java/com/meritdata/mdm/codecenter/application/service/CodeGenerateService.java:[265,40] �Ҳ�������
[ERROR]   ����:   ���� getSequenceNum()
[ERROR]   λ��: ����Ϊcom.meritdata.mdm.codecenter.domain.entity.CodeAllocation�ı��� allocation
[ERROR] /D:/dev/Projects/codecenter/src/main/java/com/meritdata/mdm/codecenter/application/service/CodeGenerateService.java:[273,17] �Ҳ�������
[ERROR]   ����:   ���� getGroovyScript()
[ERROR]   λ��: ����Ϊcom.meritdata.mdm.codecenter.domain.entity.CodeRule�ı��� rule
[ERROR] /D:/dev/Projects/codecenter/src/main/java/com/meritdata/mdm/codecenter/application/service/CodeGenerateService.java:[273,52] �Ҳ�������
[ERROR]   ����:   ���� getGroovyScript()
[ERROR]   λ��: ����Ϊcom.meritdata.mdm.codecenter.domain.entity.CodeRule�ı��� rule
[ERROR] /D:/dev/Projects/codecenter/src/main/java/com/meritdata/mdm/codecenter/application/service/CodeGenerateService.java:[274,24] �Ҳ�������
[ERROR]   ����:   ���� getRuleMode()
[ERROR]   λ��: ����Ϊcom.meritdata.mdm.codecenter.domain.entity.CodeRule�ı��� rule
[ERROR] /D:/dev/Projects/codecenter/src/main/java/com/meritdata/mdm/codecenter/application/service/CodeGenerateService.java:[275,51] �Ҳ�������
[ERROR]   ����:   ���� getGroovyScript()
[ERROR]   λ��: ����Ϊcom.meritdata.mdm.codecenter.domain.entity.CodeRule�ı��� rule
[ERROR] /D:/dev/Projects/codecenter/src/main/java/com/meritdata/mdm/codecenter/application/service/CodeGenerateService.java:[276,24] �Ҳ�������
[ERROR]   ����:   ���� getData()
[ERROR]   λ��: ����Ϊcom.meritdata.mdm.codecenter.infrastructure.segment.SegmentContext�ı��� ctx
[ERROR] /D:/dev/Projects/codecenter/src/main/java/com/meritdata/mdm/codecenter/application/service/CodeGenerateService.java:[276,80] �Ҳ�������
[ERROR]   ����:   ���� getData()
[ERROR]   λ��: ����Ϊcom.meritdata.mdm.codecenter.infrastructure.segment.SegmentContext�ı��� ctx
[ERROR] /D:/dev/Projects/codecenter/src/main/java/com/meritdata/mdm/codecenter/application/service/CodeGenerateService.java:[280,60] �Ҳ�������
[ERROR]   ����:   ���� getDslTemplate()
[ERROR]   λ��: ����Ϊcom.meritdata.mdm.codecenter.domain.entity.CodeRule�ı��� rule
[ERROR] /D:/dev/Projects/codecenter/src/main/java/com/meritdata/mdm/codecenter/application/service/CodeGenerateService.java:[286,51] �Ҳ�������
[ERROR]   ����:   ���� builder()
[ERROR]   λ��: �� com.meritdata.mdm.codecenter.domain.entity.CodeAllocation
[ERROR] /D:/dev/Projects/codecenter/src/main/java/com/meritdata/mdm/codecenter/application/service/CodeGenerateService.java:[288,29] �Ҳ�������
[ERROR]   ����:   ���� getId()
[ERROR]   λ��: ����Ϊcom.meritdata.mdm.codecenter.domain.entity.CodeRule�ı��� rule
[ERROR] /D:/dev/Projects/codecenter/src/main/java/com/meritdata/mdm/codecenter/application/service/CodeGenerateService.java:[289,36] �Ҳ�������
[ERROR]   ����:   ���� getId()
[ERROR]   λ��: ����Ϊcom.meritdata.mdm.codecenter.domain.entity.CodeRule�ı��� rule
[ERROR] /D:/dev/Projects/codecenter/src/main/java/com/meritdata/mdm/codecenter/application/service/CodeGenerateService.java:[291,33] �Ҳ�������
[ERROR]   ����:   ���� getSequenceNum()
[ERROR]   λ��: ����Ϊcom.meritdata.mdm.codecenter.infrastructure.segment.SegmentContext�ı��� ctx
[ERROR] /D:/dev/Projects/codecenter/src/main/java/com/meritdata/mdm/codecenter/application/service/CodeGenerateService.java:[295,28] �Ҳ�������
[ERROR]   ����:   ���� getDataId()
[ERROR]   λ��: ����Ϊcom.meritdata.mdm.codecenter.application.dto.CodeGenerateRequest�ı��� req
[ERROR] /D:/dev/Projects/codecenter/src/main/java/com/meritdata/mdm/codecenter/application/service/CodeGenerateService.java:[297,30] �Ҳ�������
[ERROR]   ����:   ���� getTenantId()
[ERROR]   λ��: ����Ϊcom.meritdata.mdm.codecenter.application.dto.CodeGenerateRequest�ı��� req
[ERROR] /D:/dev/Projects/codecenter/src/main/java/com/meritdata/mdm/codecenter/application/service/CodeGenerateService.java:[307,35] �Ҳ�������
[ERROR]   ����:   ���� getModelId()
[ERROR]   λ��: ����Ϊcom.meritdata.mdm.codecenter.infrastructure.segment.SegmentContext�ı��� ctx
[ERROR] /D:/dev/Projects/codecenter/src/main/java/com/meritdata/mdm/codecenter/application/service/CodeGenerateService.java:[308,35] �Ҳ�������
[ERROR]   ����:   ���� getFieldId()
[ERROR]   λ��: ����Ϊcom.meritdata.mdm.codecenter.infrastructure.segment.SegmentContext�ı��� ctx
[ERROR] /D:/dev/Projects/codecenter/src/main/java/com/meritdata/mdm/codecenter/application/service/CodeGenerateService.java:[309,38] �Ҳ�������
[ERROR]   ����:   ���� getBaseBizTag()
[ERROR]   λ��: ����Ϊcom.meritdata.mdm.codecenter.infrastructure.segment.SegmentContext�ı��� ctx
[ERROR] /D:/dev/Projects/codecenter/src/main/java/com/meritdata/mdm/codecenter/application/service/CodeGenerateService.java:[310,39] �Ҳ�������
[ERROR]   ����:   ���� getSequenceNum()
[ERROR]   λ��: ����Ϊcom.meritdata.mdm.codecenter.infrastructure.segment.SegmentContext�ı��� ctx
[ERROR] /D:/dev/Projects/codecenter/src/main/java/com/meritdata/mdm/codecenter/infrastructure/dedup/CodeDedupService.java:[55,21] �Ҳ�������
[ERROR]   ����:   ���� log
[ERROR]   λ��: �� com.meritdata.mdm.codecenter.infrastructure.dedup.CodeDedupService
[ERROR] -> [Help 1]
org.apache.maven.lifecycle.LifecycleExecutionException: Failed to execute goal org.apache.maven.plugins:maven-compiler-plugin:3.14.1:compile (default-compile) on project codecenter: Compilation failure
    at org.apache.maven.lifecycle.internal.MojoExecutor.doExecute2 (MojoExecutor.java:333)
    at org.apache.maven.lifecycle.internal.MojoExecutor.doExecute (MojoExecutor.java:316)
    at org.apache.maven.lifecycle.internal.MojoExecutor.execute (MojoExecutor.java:212)
    at org.apache.maven.lifecycle.internal.MojoExecutor.execute (MojoExecutor.java:174)
    at org.apache.maven.lifecycle.internal.MojoExecutor.access$000 (MojoExecutor.java:75)
    at org.apache.maven.lifecycle.internal.MojoExecutor$1.run (MojoExecutor.java:162)
    at org.apache.maven.plugin.DefaultMojosExecutionStrategy.execute (DefaultMojosExecutionStrategy.java:39)
    at org.apache.maven.lifecycle.internal.MojoExecutor.execute (MojoExecutor.java:159)
    at org.apache.maven.lifecycle.internal.LifecycleModuleBuilder.buildProject (LifecycleModuleBuilder.java:105)
    at org.apache.maven.lifecycle.internal.LifecycleModuleBuilder.buildProject (LifecycleModuleBuilder.java:73)
    at org.apache.maven.lifecycle.internal.builder.singlethreaded.SingleThreadedBuilder.build (SingleThreadedBuilder.java:53)
    at org.apache.maven.lifecycle.internal.LifecycleStarter.execute (LifecycleStarter.java:118)
    at org.apache.maven.DefaultMaven.doExecute (DefaultMaven.java:261)
    at org.apache.maven.DefaultMaven.doExecute (DefaultMaven.java:173)
    at org.apache.maven.DefaultMaven.execute (DefaultMaven.java:101)
    at org.apache.maven.cli.MavenCli.execute (MavenCli.java:919)
    at org.apache.maven.cli.MavenCli.doMain (MavenCli.java:285)
    at org.apache.maven.cli.MavenCli.main (MavenCli.java:207)
    at jdk.internal.reflect.DirectMethodHandleAccessor.invoke (DirectMethodHandleAccessor.java:103)
    at java.lang.reflect.Method.invoke (Method.java:580)
    at org.codehaus.plexus.classworlds.launcher.Launcher.launchEnhanced (Launcher.java:255)
    at org.codehaus.plexus.classworlds.launcher.Launcher.launch (Launcher.java:201)
    at org.codehaus.plexus.classworlds.launcher.Launcher.mainWithExitCode (Launcher.java:362)
    at org.codehaus.plexus.classworlds.launcher.Launcher.main (Launcher.java:314)
Caused by: org.apache.maven.plugin.compiler.CompilationFailureException: Compilation failure
    at org.apache.maven.plugin.compiler.AbstractCompilerMojo.executeReal (AbstractCompilerMojo.java:1318)
    at org.apache.maven.plugin.compiler.AbstractCompilerMojo.execute (AbstractCompilerMojo.java:708)
    at org.apache.maven.plugin.compiler.CompilerMojo.execute (CompilerMojo.java:235)
    at org.apache.maven.plugin.DefaultBuildPluginManager.executeMojo (DefaultBuildPluginManager.java:126)
    at org.apache.maven.lifecycle.internal.MojoExecutor.doExecute2 (MojoExecutor.java:328)
    at org.apache.maven.lifecycle.internal.MojoExecutor.doExecute (MojoExecutor.java:316)
    at org.apache.maven.lifecycle.internal.MojoExecutor.execute (MojoExecutor.java:212)
    at org.apache.maven.lifecycle.internal.MojoExecutor.execute (MojoExecutor.java:174)
    at org.apache.maven.lifecycle.internal.MojoExecutor.access$000 (MojoExecutor.java:75)
    at org.apache.maven.lifecycle.internal.MojoExecutor$1.run (MojoExecutor.java:162)
    at org.apache.maven.plugin.DefaultMojosExecutionStrategy.execute (DefaultMojosExecutionStrategy.java:39)
    at org.apache.maven.lifecycle.internal.MojoExecutor.execute (MojoExecutor.java:159)
    at org.apache.maven.lifecycle.internal.LifecycleModuleBuilder.buildProject (LifecycleModuleBuilder.java:105)
    at org.apache.maven.lifecycle.internal.LifecycleModuleBuilder.buildProject (LifecycleModuleBuilder.java:73)
    at org.apache.maven.lifecycle.internal.builder.singlethreaded.SingleThreadedBuilder.build (SingleThreadedBuilder.java:53)
    at org.apache.maven.lifecycle.internal.LifecycleStarter.execute (LifecycleStarter.java:118)
    at org.apache.maven.DefaultMaven.doExecute (DefaultMaven.java:261)
    at org.apache.maven.DefaultMaven.doExecute (DefaultMaven.java:173)
    at org.apache.maven.DefaultMaven.execute (DefaultMaven.java:101)
    at org.apache.maven.cli.MavenCli.execute (MavenCli.java:919)
    at org.apache.maven.cli.MavenCli.doMain (MavenCli.java:285)
    at org.apache.maven.cli.MavenCli.main (MavenCli.java:207)
    at jdk.internal.reflect.DirectMethodHandleAccessor.invoke (DirectMethodHandleAccessor.java:103)
    at java.lang.reflect.Method.invoke (Method.java:580)
    at org.codehaus.plexus.classworlds.launcher.Launcher.launchEnhanced (Launcher.java:255)
    at org.codehaus.plexus.classworlds.launcher.Launcher.launch (Launcher.java:201)
    at org.codehaus.plexus.classworlds.launcher.Launcher.mainWithExitCode (Launcher.java:362)
    at org.codehaus.plexus.classworlds.launcher.Launcher.main (Launcher.java:314)
[ERROR] 
[ERROR] 
[ERROR] For more information about the errors and possible solutions, please read the following articles:
[ERROR] [Help 1] http://cwiki.apache.org/confluence/display/MAVEN/MojoFailureException
[DEBUG] Shutting down adapter factory; available factories [file-lock, rwlock-local, semaphore-local, noop]; available name mappers [discriminating, file-gaecv, file-gav, file-hgaecv, file-hgav, file-static, gaecv, gav, static]
[DEBUG] Shutting down 'file-lock' factory
[DEBUG] Shutting down 'rwlock-local' factory
[DEBUG] Shutting down 'semaphore-local' factory
[DEBUG] Shutting down 'noop' factory
